Workbook
Name file_anmeldungen: '0. Definitionen'!$B$20
Name file_antritt: '0. Definitionen'!$B$21
Name file_the_punkte: '0. Definitionen'!$B$22
Name letzte_aufg_teilgebiet1: tbl_aufgaben_teilgebiete['#]
Name letzte_aufg_teilgebiet1: tbl_aufgaben_teilgebiete['#]
Name zzMG_Chart1: #REF!
Name zzMG_Chart2: '2. Punkte_Prüfung'!$N$5:$P$24

Sheet 0. Definitionen
A1: Name Prüfung | B1: Finanzierung und Invesition
A2: P.-Nummer | B2: BW 20152 7820010 FI
A3: Semester | B3: Sommer 2025
A5: Teilgebiet 1 | C5: Aufgaben | D5: #
A6: Name | B6: FRM | C6: bis | D6: 13
A7: Kürzel | B7: FRM
A9: Teilgebiet 2
A10: Name | B10: Investition (I)
A11: Kürzel | B11: I
A16: folder_path | B16: path
A17: aktueller Ordnerpfad | B17: {=LEFT(CELL("filename"), SEARCH("\[", CELL("filename")))} -> L:\2. Master\1. FRM\Sommer26\
A19: Standard-Dateinamen | B19: name
A20: Teilnehmerliste HISin One | B20: MBW 20242 3412090 RM-Risikomanagement-SoSe_2025-1.xlsx
A21: Antritt zur Prüfung | B21: Schritt 1 Antritt zur Prüfung.xlsx
A22: THE-Punkte-Antworten | B22: THE_FRM SoSe 2025-Schritt 2 Take Home Exam zum Finanzwirtschaftlichen Risikomanagement (FRM)-Bewertungen.xlsx

Sheet 1. Antritt_Prüfung
A1: Anzahl | B1: nicht erfasst | C1: ® Exportdatei aus Moodle ("Antritt zum Take Home Exam.xlsx") solle per PowerQuery eingelesen werden
A2: =COUNTA(A5:A1048576) -> 28 | B2: =COUNTIF(J5:J529,"NEIN") -> 0 | C2: Dateiname: | D2: Antritt zum Take Home Exam.xlsx
A4: Vollständiger Name | B4: Gruppen | C4: E-Mail-Adresse | D4: Datum | E4: Name | F4: Vorname | G4: Matrikelnummer | H4: erfasst
A5: Stud26, Pseudo | C5: stud26@example.local | D5: 45860.336 | E5: Stud26 | F5: Pseudo | G5: 3513589 | H5: =IF(ISNUMBER(G5),IF(OR(ISERR(MATCH(G5,'2. Punkte_Prüfung'!$A$6:$A$383,0)),ISNA(MATCH(G5,'2. Punkte_Prüfung'!$A$6:$A$383,0))),"NEIN","JA"),"") -> JA
A6: Stud04, Pseudo | C6: stud04@example.local | D6: 45860.338 | E6: Stud04 | F6: Pseudo | G6: 3269604 | H6: =IF(ISNUMBER(G6),IF(OR(ISERR(MATCH(G6,'2. Punkte_Prüfung'!$A$6:$A$383,0)),ISNA(MATCH(G6,'2. Punkte_Prüfung'!$A$6:$A$383,0))),"NEIN","JA"),"") -> JA
A7: Stud29, Pseudo | C7: stud29@example.local | D7: 45860.336 | E7: Stud29 | F7: Pseudo | G7: 3517558 | H7: =IF(ISNUMBER(G7),IF(OR(ISERR(MATCH(G7,'2. Punkte_Prüfung'!$A$6:$A$383,0)),ISNA(MATCH(G7,'2. Punkte_Prüfung'!$A$6:$A$383,0))),"NEIN","JA"),"") -> JA
A8: Stud21, Pseudo | C8: stud21@example.local | D8: 45860.333 | E8: Stud21 | F8: Pseudo | G8: 3478653 | H8: =IF(ISNUMBER(G8),IF(OR(ISERR(MATCH(G8,'2. Punkte_Prüfung'!$A$6:$A$383,0)),ISNA(MATCH(G8,'2. Punkte_Prüfung'!$A$6:$A$383,0))),"NEIN","JA"),"") -> JA
A9: Stud01, Pseudo | C9: stud01@example.local | D9: 45860.348 | E9: Stud01 | F9: Pseudo | G9: 3173903 | H9: =IF(ISNUMBER(G9),IF(OR(ISERR(MATCH(G9,'2. Punkte_Prüfung'!$A$6:$A$383,0)),ISNA(MATCH(G9,'2. Punkte_Prüfung'!$A$6:$A$383,0))),"NEIN","JA"),"") -> JA
A10: Stud15, Pseudo | C10: stud15@example.local | D10: 45860.335 | E10: Stud15 | F10: Pseudo | G10: 3472086 | H10: =IF(ISNUMBER(G10),IF(OR(ISERR(MATCH(G10,'2. Punkte_Prüfung'!$A$6:$A$383,0)),ISNA(MATCH(G10,'2. Punkte_Prüfung'!$A$6:$A$383,0))),"NEIN","JA"),"") -> JA
A11: Stud20, Pseudo | C11: stud20@example.local | D11: 45860.335 | E11: Stud20 | F11: Pseudo | G11: 3478426 | H11: =IF(ISNUMBER(G11),IF(OR(ISERR(MATCH(G11,'2. Punkte_Prüfung'!$A$6:$A$383,0)),ISNA(MATCH(G11,'2. Punkte_Prüfung'!$A$6:$A$383,0))),"NEIN","JA"),"") -> JA
A12: Stud12, Pseudo | C12: stud12@example.local | D12: 45860.338 | E12: Stud12 | F12: Pseudo | G12: 3361157 | H12: =IF(ISNUMBER(G12),IF(OR(ISERR(MATCH(G12,'2. Punkte_Prüfung'!$A$6:$A$383,0)),ISNA(MATCH(G12,'2. Punkte_Prüfung'!$A$6:$A$383,0))),"NEIN","JA"),"") -> JA
A13: Stud18, Pseudo | C13: stud18@example.local | D13: 45860.335 | E13: Stud18 | F13: Pseudo | G13: 3475876 | H13: =IF(ISNUMBER(G13),IF(OR(ISERR(MATCH(G13,'2. Punkte_Prüfung'!$A$6:$A$383,0)),ISNA(MATCH(G13,'2. Punkte_Prüfung'!$A$6:$A$383,0))),"NEIN","JA"),"") -> JA
A14: Stud16, Pseudo | C14: stud16@example.local | D14: 45860.34 | E14: Stud16 | F14: Pseudo | G14: 3474220 | H14: =IF(ISNUMBER(G14),IF(OR(ISERR(MATCH(G14,'2. Punkte_Prüfung'!$A$6:$A$383,0)),ISNA(MATCH(G14,'2. Punkte_Prüfung'!$A$6:$A$383,0))),"NEIN","JA"),"") -> JA
A15: Stud17, Pseudo | C15: stud17@example.local | D15: 45860.334 | E15: Stud17 | F15: Pseudo | G15: 3474262 | H15: =IF(ISNUMBER(G15),IF(OR(ISERR(MATCH(G15,'2. Punkte_Prüfung'!$A$6:$A$383,0)),ISNA(MATCH(G15,'2. Punkte_Prüfung'!$A$6:$A$383,0))),"NEIN","JA"),"") -> JA
A16: Stud27, Pseudo | C16: stud27@example.local | D16: 45860.335 | E16: Stud27 | F16: Pseudo | G16: 3514106 | H16: =IF(ISNUMBER(G16),IF(OR(ISERR(MATCH(G16,'2. Punkte_Prüfung'!$A$6:$A$383,0)),ISNA(MATCH(G16,'2. Punkte_Prüfung'!$A$6:$A$383,0))),"NEIN","JA"),"") -> JA
... A32: Stud24, Pseudo | C32: stud24@example.local | D32: 45860.335 | E32: Stud24 | F32: Pseudo | G32: 3491126 | H32: =IF(ISNUMBER(G32),IF(OR(ISERR(MATCH(G32,'2. Punkte_Prüfung'!$A$6:$A$383,0)),ISNA(MATCH(G32,'2. Punkte_Prüfung'!$A$6:$A$383,0))),"NEIN","JA"),"") -> JA
H33: =IF(ISNUMBER(G33),IF(OR(ISERR(MATCH(G33,'2. Punkte_Prüfung'!$A$6:$A$383,0)),ISNA(MATCH(G33,'2. Punkte_Prüfung'!$A$6:$A$383,0))),"NEIN","JA"),"")
H34: =IF(ISNUMBER(G34),IF(OR(ISERR(MATCH(G34,'2. Punkte_Prüfung'!$A$6:$A$383,0)),ISNA(MATCH(G34,'2. Punkte_Prüfung'!$A$6:$A$383,0))),"NEIN","JA"),"")
H35: =IF(ISNUMBER(G35),IF(OR(ISERR(MATCH(G35,'2. Punkte_Prüfung'!$A$6:$A$383,0)),ISNA(MATCH(G35,'2. Punkte_Prüfung'!$A$6:$A$383,0))),"NEIN","JA"),"")
H36: =IF(ISNUMBER(G36),IF(OR(ISERR(MATCH(G36,'2. Punkte_Prüfung'!$A$6:$A$383,0)),ISNA(MATCH(G36,'2. Punkte_Prüfung'!$A$6:$A$383,0))),"NEIN","JA"),"")
H37: =IF(ISNUMBER(G37),IF(OR(ISERR(MATCH(G37,'2. Punkte_Prüfung'!$A$6:$A$383,0)),ISNA(MATCH(G37,'2. Punkte_Prüfung'!$A$6:$A$383,0))),"NEIN","JA"),"")
H38: =IF(ISNUMBER(G38),IF(OR(ISERR(MATCH(G38,'2. Punkte_Prüfung'!$A$6:$A$383,0)),ISNA(MATCH(G38,'2. Punkte_Prüfung'!$A$6:$A$383,0))),"NEIN","JA"),"")
H39: =IF(ISNUMBER(G39),IF(OR(ISERR(MATCH(G39,'2. Punkte_Prüfung'!$A$6:$A$383,0)),ISNA(MATCH(G39,'2. Punkte_Prüfung'!$A$6:$A$383,0))),"NEIN","JA"),"")
H40: =IF(ISNUMBER(G40),IF(OR(ISERR(MATCH(G40,'2. Punkte_Prüfung'!$A$6:$A$383,0)),ISNA(MATCH(G40,'2. Punkte_Prüfung'!$A$6:$A$383,0))),"NEIN","JA"),"")
H41: =IF(ISNUMBER(G41),IF(OR(ISERR(MATCH(G41,'2. Punkte_Prüfung'!$A$6:$A$383,0)),ISNA(MATCH(G41,'2. Punkte_Prüfung'!$A$6:$A$383,0))),"NEIN","JA"),"")
H42: =IF(ISNUMBER(G42),IF(OR(ISERR(MATCH(G42,'2. Punkte_Prüfung'!$A$6:$A$383,0)),ISNA(MATCH(G42,'2. Punkte_Prüfung'!$A$6:$A$383,0))),"NEIN","JA"),"")
H43: =IF(ISNUMBER(G43),IF(OR(ISERR(MATCH(G43,'2. Punkte_Prüfung'!$A$6:$A$383,0)),ISNA(MATCH(G43,'2. Punkte_Prüfung'!$A$6:$A$383,0))),"NEIN","JA"),"")
H44: =IF(ISNUMBER(G44),IF(OR(ISERR(MATCH(G44,'2. Punkte_Prüfung'!$A$6:$A$383,0)),ISNA(MATCH(G44,'2. Punkte_Prüfung'!$A$6:$A$383,0))),"NEIN","JA"),"")
... H106: =IF(ISNUMBER(G106),IF(OR(ISERR(MATCH(G106,'2. Punkte_Prüfung'!$A$6:$A$383,0)),ISNA(MATCH(G106,'2. Punkte_Prüfung'!$A$6:$A$383,0))),"NEIN","JA"),"")
I107: =IF(ISNUMBER(#REF!),IF(OR(ISERR(MATCH(#REF!,'2. Punkte_Prüfung'!$A$6:$A$383,0)),ISNA(MATCH(#REF!,'2. Punkte_Prüfung'!$A$6:$A$383,0))),"NEIN","JA"),"")
I108: =IF(ISNUMBER(#REF!),IF(OR(ISERR(MATCH(#REF!,'2. Punkte_Prüfung'!$A$6:$A$383,0)),ISNA(MATCH(#REF!,'2. Punkte_Prüfung'!$A$6:$A$383,0))),"NEIN","JA"),"")
I109: =IF(ISNUMBER(#REF!),IF(OR(ISERR(MATCH(#REF!,'2. Punkte_Prüfung'!$A$6:$A$383,0)),ISNA(MATCH(#REF!,'2. Punkte_Prüfung'!$A$6:$A$383,0))),"NEIN","JA"),"")
I110: =IF(ISNUMBER(#REF!),IF(OR(ISERR(MATCH(#REF!,'2. Punkte_Prüfung'!$A$6:$A$383,0)),ISNA(MATCH(#REF!,'2. Punkte_Prüfung'!$A$6:$A$383,0))),"NEIN","JA"),"")
I111: =IF(ISNUMBER(#REF!),IF(OR(ISERR(MATCH(#REF!,'2. Punkte_Prüfung'!$A$6:$A$383,0)),ISNA(MATCH(#REF!,'2. Punkte_Prüfung'!$A$6:$A$383,0))),"NEIN","JA"),"")
I112: =IF(ISNUMBER(#REF!),IF(OR(ISERR(MATCH(#REF!,'2. Punkte_Prüfung'!$A$6:$A$383,0)),ISNA(MATCH(#REF!,'2. Punkte_Prüfung'!$A$6:$A$383,0))),"NEIN","JA"),"")
I113: =IF(ISNUMBER(#REF!),IF(OR(ISERR(MATCH(#REF!,'2. Punkte_Prüfung'!$A$6:$A$383,0)),ISNA(MATCH(#REF!,'2. Punkte_Prüfung'!$A$6:$A$383,0))),"NEIN","JA"),"")
I114: =IF(ISNUMBER(#REF!),IF(OR(ISERR(MATCH(#REF!,'2. Punkte_Prüfung'!$A$6:$A$383,0)),ISNA(MATCH(#REF!,'2. Punkte_Prüfung'!$A$6:$A$383,0))),"NEIN","JA"),"")
I115: =IF(ISNUMBER(#REF!),IF(OR(ISERR(MATCH(#REF!,'2. Punkte_Prüfung'!$A$6:$A$383,0)),ISNA(MATCH(#REF!,'2. Punkte_Prüfung'!$A$6:$A$383,0))),"NEIN","JA"),"")
I116: =IF(ISNUMBER(#REF!),IF(OR(ISERR(MATCH(#REF!,'2. Punkte_Prüfung'!$A$6:$A$383,0)),ISNA(MATCH(#REF!,'2. Punkte_Prüfung'!$A$6:$A$383,0))),"NEIN","JA"),"")
I117: =IF(ISNUMBER(#REF!),IF(OR(ISERR(MATCH(#REF!,'2. Punkte_Prüfung'!$A$6:$A$383,0)),ISNA(MATCH(#REF!,'2. Punkte_Prüfung'!$A$6:$A$383,0))),"NEIN","JA"),"")
I118: =IF(ISNUMBER(#REF!),IF(OR(ISERR(MATCH(#REF!,'2. Punkte_Prüfung'!$A$6:$A$383,0)),ISNA(MATCH(#REF!,'2. Punkte_Prüfung'!$A$6:$A$383,0))),"NEIN","JA"),"")
... I159: =IF(ISNUMBER(#REF!),IF(OR(ISERR(MATCH(#REF!,'2. Punkte_Prüfung'!$A$6:$A$383,0)),ISNA(MATCH(#REF!,'2. Punkte_Prüfung'!$A$6:$A$383,0))),"NEIN","JA"),"")
I160: =IF(ISNUMBER(#REF!),IF(OR(ISERR(MATCH(#REF!,'2. Punkte_Prüfung'!$A$6:$A$383,0)),ISNA(MATCH(#REF!,'2. Punkte_Prüfung'!$A$6:$A$383,0))),"NEIN","JA"),"") | J160: =IF(ISNUMBER(H107),IF(ISERR(MATCH(H107,'2. Punkte_Prüfung'!$A$6:$A$383,0)),"NEIN","JA"),"")
I161: =IF(ISNUMBER(#REF!),IF(OR(ISERR(MATCH(#REF!,'2. Punkte_Prüfung'!$A$6:$A$383,0)),ISNA(MATCH(#REF!,'2. Punkte_Prüfung'!$A$6:$A$383,0))),"NEIN","JA"),"") | J161: =IF(ISNUMBER(H108),IF(ISERR(MATCH(H108,'2. Punkte_Prüfung'!$A$6:$A$383,0)),"NEIN","JA"),"")
I162: =IF(ISNUMBER(#REF!),IF(OR(ISERR(MATCH(#REF!,'2. Punkte_Prüfung'!$A$6:$A$383,0)),ISNA(MATCH(#REF!,'2. Punkte_Prüfung'!$A$6:$A$383,0))),"NEIN","JA"),"") | J162: =IF(ISNUMBER(H109),IF(ISERR(MATCH(H109,'2. Punkte_Prüfung'!$A$6:$A$383,0)),"NEIN","JA"),"")
I163: =IF(ISNUMBER(#REF!),IF(OR(ISERR(MATCH(#REF!,'2. Punkte_Prüfung'!$A$6:$A$383,0)),ISNA(MATCH(#REF!,'2. Punkte_Prüfung'!$A$6:$A$383,0))),"NEIN","JA"),"") | J163: =IF(ISNUMBER(H110),IF(ISERR(MATCH(H110,'2. Punkte_Prüfung'!$A$6:$A$383,0)),"NEIN","JA"),"")
I164: =IF(ISNUMBER(#REF!),IF(OR(ISERR(MATCH(#REF!,'2. Punkte_Prüfung'!$A$6:$A$383,0)),ISNA(MATCH(#REF!,'2. Punkte_Prüfung'!$A$6:$A$383,0))),"NEIN","JA"),"") | J164: =IF(ISNUMBER(H111),IF(ISERR(MATCH(H111,'2. Punkte_Prüfung'!$A$6:$A$383,0)),"NEIN","JA"),"")
I165: =IF(ISNUMBER(#REF!),IF(OR(ISERR(MATCH(#REF!,'2. Punkte_Prüfung'!$A$6:$A$383,0)),ISNA(MATCH(#REF!,'2. Punkte_Prüfung'!$A$6:$A$383,0))),"NEIN","JA"),"") | J165: =IF(ISNUMBER(H112),IF(ISERR(MATCH(H112,'2. Punkte_Prüfung'!$A$6:$A$383,0)),"NEIN","JA"),"")
I166: =IF(ISNUMBER(#REF!),IF(OR(ISERR(MATCH(#REF!,'2. Punkte_Prüfung'!$A$6:$A$383,0)),ISNA(MATCH(#REF!,'2. Punkte_Prüfung'!$A$6:$A$383,0))),"NEIN","JA"),"") | J166: =IF(ISNUMBER(H113),IF(ISERR(MATCH(H113,'2. Punkte_Prüfung'!$A$6:$A$383,0)),"NEIN","JA"),"")
I167: =IF(ISNUMBER(#REF!),IF(OR(ISERR(MATCH(#REF!,'2. Punkte_Prüfung'!$A$6:$A$383,0)),ISNA(MATCH(#REF!,'2. Punkte_Prüfung'!$A$6:$A$383,0))),"NEIN","JA"),"") | J167: =IF(ISNUMBER(H114),IF(ISERR(MATCH(H114,'2. Punkte_Prüfung'!$A$6:$A$383,0)),"NEIN","JA"),"")
I168: =IF(ISNUMBER(#REF!),IF(OR(ISERR(MATCH(#REF!,'2. Punkte_Prüfung'!$A$6:$A$383,0)),ISNA(MATCH(#REF!,'2. Punkte_Prüfung'!$A$6:$A$383,0))),"NEIN","JA"),"") | J168: =IF(ISNUMBER(H115),IF(ISERR(MATCH(H115,'2. Punkte_Prüfung'!$A$6:$A$383,0)),"NEIN","JA"),"")
I169: =IF(ISNUMBER(#REF!),IF(OR(ISERR(MATCH(#REF!,'2. Punkte_Prüfung'!$A$6:$A$383,0)),ISNA(MATCH(#REF!,'2. Punkte_Prüfung'!$A$6:$A$383,0))),"NEIN","JA"),"") | J169: =IF(ISNUMBER(H116),IF(ISERR(MATCH(H116,'2. Punkte_Prüfung'!$A$6:$A$383,0)),"NEIN","JA"),"")
I170: =IF(ISNUMBER(#REF!),IF(OR(ISERR(MATCH(#REF!,'2. Punkte_Prüfung'!$A$6:$A$383,0)),ISNA(MATCH(#REF!,'2. Punkte_Prüfung'!$A$6:$A$383,0))),"NEIN","JA"),"") | J170: =IF(ISNUMBER(H117),IF(ISERR(MATCH(H117,'2. Punkte_Prüfung'!$A$6:$A$383,0)),"NEIN","JA"),"")
I171: =IF(ISNUMBER(#REF!),IF(OR(ISERR(MATCH(#REF!,'2. Punkte_Prüfung'!$A$6:$A$383,0)),ISNA(MATCH(#REF!,'2. Punkte_Prüfung'!$A$6:$A$383,0))),"NEIN","JA"),"") | J171: =IF(ISNUMBER(H118),IF(ISERR(MATCH(H118,'2. Punkte_Prüfung'!$A$6:$A$383,0)),"NEIN","JA"),"")
... I202: =IF(ISNUMBER(#REF!),IF(OR(ISERR(MATCH(#REF!,'2. Punkte_Prüfung'!$A$6:$A$383,0)),ISNA(MATCH(#REF!,'2. Punkte_Prüfung'!$A$6:$A$383,0))),"NEIN","JA"),"") | J202: =IF(ISNUMBER(H149),IF(ISERR(MATCH(H149,'2. Punkte_Prüfung'!$A$6:$A$383,0)),"NEIN","JA"),"")
I203: =IF(ISNUMBER(G32),IF(OR(ISERR(MATCH(G32,'2. Punkte_Prüfung'!$A$6:$A$383,0)),ISNA(MATCH(G32,'2. Punkte_Prüfung'!$A$6:$A$383,0))),"NEIN","JA"),"") -> JA | J203: =IF(ISNUMBER(H150),IF(ISERR(MATCH(H150,'2. Punkte_Prüfung'!$A$6:$A$383,0)),"NEIN","JA"),"")
I204: =IF(ISNUMBER(G33),IF(OR(ISERR(MATCH(G33,'2. Punkte_Prüfung'!$A$6:$A$383,0)),ISNA(MATCH(G33,'2. Punkte_Prüfung'!$A$6:$A$383,0))),"NEIN","JA"),"") | J204: =IF(ISNUMBER(H151),IF(ISERR(MATCH(H151,'2. Punkte_Prüfung'!$A$6:$A$383,0)),"NEIN","JA"),"")
I205: =IF(ISNUMBER(G34),IF(OR(ISERR(MATCH(G34,'2. Punkte_Prüfung'!$A$6:$A$383,0)),ISNA(MATCH(G34,'2. Punkte_Prüfung'!$A$6:$A$383,0))),"NEIN","JA"),"") | J205: =IF(ISNUMBER(H152),IF(ISERR(MATCH(H152,'2. Punkte_Prüfung'!$A$6:$A$383,0)),"NEIN","JA"),"")
I206: =IF(ISNUMBER(G35),IF(OR(ISERR(MATCH(G35,'2. Punkte_Prüfung'!$A$6:$A$383,0)),ISNA(MATCH(G35,'2. Punkte_Prüfung'!$A$6:$A$383,0))),"NEIN","JA"),"") | J206: =IF(ISNUMBER(H153),IF(ISERR(MATCH(H153,'2. Punkte_Prüfung'!$A$6:$A$383,0)),"NEIN","JA"),"")
I207: =IF(ISNUMBER(G36),IF(OR(ISERR(MATCH(G36,'2. Punkte_Prüfung'!$A$6:$A$383,0)),ISNA(MATCH(G36,'2. Punkte_Prüfung'!$A$6:$A$383,0))),"NEIN","JA"),"") | J207: =IF(ISNUMBER(H154),IF(ISERR(MATCH(H154,'2. Punkte_Prüfung'!$A$6:$A$383,0)),"NEIN","JA"),"")
I208: =IF(ISNUMBER(G37),IF(OR(ISERR(MATCH(G37,'2. Punkte_Prüfung'!$A$6:$A$383,0)),ISNA(MATCH(G37,'2. Punkte_Prüfung'!$A$6:$A$383,0))),"NEIN","JA"),"") | J208: =IF(ISNUMBER(H155),IF(ISERR(MATCH(H155,'2. Punkte_Prüfung'!$A$6:$A$383,0)),"NEIN","JA"),"")
I209: =IF(ISNUMBER(G38),IF(OR(ISERR(MATCH(G38,'2. Punkte_Prüfung'!$A$6:$A$383,0)),ISNA(MATCH(G38,'2. Punkte_Prüfung'!$A$6:$A$383,0))),"NEIN","JA"),"") | J209: =IF(ISNUMBER(H156),IF(ISERR(MATCH(H156,'2. Punkte_Prüfung'!$A$6:$A$383,0)),"NEIN","JA"),"")
I210: =IF(ISNUMBER(G39),IF(OR(ISERR(MATCH(G39,'2. Punkte_Prüfung'!$A$6:$A$383,0)),ISNA(MATCH(G39,'2. Punkte_Prüfung'!$A$6:$A$383,0))),"NEIN","JA"),"") | J210: =IF(ISNUMBER(H157),IF(ISERR(MATCH(H157,'2. Punkte_Prüfung'!$A$6:$A$383,0)),"NEIN","JA"),"")
I211: =IF(ISNUMBER(G40),IF(OR(ISERR(MATCH(G40,'2. Punkte_Prüfung'!$A$6:$A$383,0)),ISNA(MATCH(G40,'2. Punkte_Prüfung'!$A$6:$A$383,0))),"NEIN","JA"),"") | J211: =IF(ISNUMBER(H158),IF(ISERR(MATCH(H158,'2. Punkte_Prüfung'!$A$6:$A$383,0)),"NEIN","JA"),"")
I212: =IF(ISNUMBER(G41),IF(OR(ISERR(MATCH(G41,'2. Punkte_Prüfung'!$A$6:$A$383,0)),ISNA(MATCH(G41,'2. Punkte_Prüfung'!$A$6:$A$383,0))),"NEIN","JA"),"") | J212: =IF(ISNUMBER(H159),IF(ISERR(MATCH(H159,'2. Punkte_Prüfung'!$A$6:$A$383,0)),"NEIN","JA"),"")
I213: =IF(ISNUMBER(G42),IF(OR(ISERR(MATCH(G42,'2. Punkte_Prüfung'!$A$6:$A$383,0)),ISNA(MATCH(G42,'2. Punkte_Prüfung'!$A$6:$A$383,0))),"NEIN","JA"),"") | J213: =IF(ISNUMBER(H160),IF(ISERR(MATCH(H160,'2. Punkte_Prüfung'!$A$6:$A$383,0)),"NEIN","JA"),"")
I214: =IF(ISNUMBER(G43),IF(OR(ISERR(MATCH(G43,'2. Punkte_Prüfung'!$A$6:$A$383,0)),ISNA(MATCH(G43,'2. Punkte_Prüfung'!$A$6:$A$383,0))),"NEIN","JA"),"") | J214: =IF(ISNUMBER(H161),IF(ISERR(MATCH(H161,'2. Punkte_Prüfung'!$A$6:$A$383,0)),"NEIN","JA"),"")
... I530: =IF(ISNUMBER(G359),IF(OR(ISERR(MATCH(G359,'2. Punkte_Prüfung'!$A$6:$A$383,0)),ISNA(MATCH(G359,'2. Punkte_Prüfung'!$A$6:$A$383,0))),"NEIN","JA"),"") | J530: =IF(ISNUMBER(H477),IF(ISERR(MATCH(H477,'2. Punkte_Prüfung'!$A$6:$A$383,0)),"NEIN","JA"),"")

Sheet 2. Punkte_Prüfung
A1: Anzahl
A2: =COUNT(Gesamtpunkte[Matr.-Nr.]) -> 28 | L2: Versuche | M2: Anteil | Z2: Zweit- und Drittversuche
K3: fehlende | L3: =COUNTIF($L$6:$L$1048576,2) -> 0 | M3: =L3/A2 -> 0 | N3: Punkteverteilungen
E4: =G4+H4 -> 90 | G4: 45 | H4: 45 | K4: =COUNTIF(Gesamtpunkte[in QIS],"NEIN") -> 0 | L4: =COUNTIF($L$6:$L$1048576,3) -> 0 | M4: =L4/A2 -> 0 | S4: Finanzierung | U4: Investition
A5: Matr.-Nr. | B5: Nachname | C5: Vorname | D5: Note | E5: Gesamtpunkte | F5: Gesamt % | G5: Punkte F | H5: Punkte I | I5: F % | J5: I % | K5: in QIS | L5: Versuch | N5: Gesamt | O5: Anzahl | P5: Anteil | R5: Teilgebiete | S5: Anzahl | T5: Anteil | U5: Anzahl | V5: Anteil
A6: ='2a.Detailpunkte'!D4 -> 3376139 | B6: ='2a.Detailpunkte'!E4 -> Stud14 | C6: ='2a.Detailpunkte'!F4 -> Pseudo | D6: =INDEX('3. Notenszenarien'!$I$6:$I$350,MATCH(Gesamtpunkte[[#This Row],[Matr.-Nr.]],'3. Notenszenarien'!$A$6:$A$1048576,0)) -> 2.3 | E6: =ROUNDUP(INDEX('2a.Detailpunkte'!$A$4:$A$352,MATCH('2. Punkte_Prüfung'!A6,'2a.Detailpunkte'!$D$4:$D$352,0),1)/5,1)*5 -> 70.5 | F6: =Gesamtpunkte[[#This Row],[Gesamtpunkte ]]/$E$4 -> 0.78333333 | G6: =INDEX('2a.Detailpunkte'!$B$4:$B$352,MATCH('2. Punkte_Prüfung'!A6,'2a.Detailpunkte'!$D$4:$D$352,0),1) -> 70.33 | H6: =INDEX('2a.Detailpunkte'!$C$4:$C$352,MATCH('2. Punkte_Prüfung'!A6,'2a.Detailpunkte'!$D$4:$D$352,0),1) -> 0 | I6: =Gesamtpunkte[[#This Row],[Punkte F]]/$G$4 -> 1.5628889 | J6: =Gesamtpunkte[[#This Row],[Punkte I]]/$H$4 -> 0 | K6: =IF(AND(ISNA(MATCH(Gesamtpunkte[[#This Row],[Matr.-Nr.]],'4. Noteneintrag'!$C$11:$C$1048576,0)),ISNUMBER(Gesamtpunkte[[#This Row],[Matr.-Nr.]])),"NEIN","JA") -> JA | N6: 0 | O6: {=FREQUENCY(IF(ISNUMBER(E6:E255),E6:E255,""),N6:N24)} -> 0 | P6: =O6/$O$25 -> 0 | R6: 0 | S6: {=FREQUENCY(IF(ISNUMBER(G6:G255),G6:G255,""),R6:R15)} -> 0 | T6: =S6/$S$16 -> #DIV/0! | U6: {=FREQUENCY(IF(ISNUMBER(H6:H255),H6:H255,""),R6:R15)} -> 28 | V6: =U6/$U$16 -> 1
A7: ='2a.Detailpunkte'!D5 -> 3517558 | B7: ='2a.Detailpunkte'!E5 -> Stud29 | C7: ='2a.Detailpunkte'!F5 -> Pseudo | D7: =INDEX('3. Notenszenarien'!$I$6:$I$350,MATCH(Gesamtpunkte[[#This Row],[Matr.-Nr.]],'3. Notenszenarien'!$A$6:$A$1048576,0)) -> 2.3 | E7: =ROUNDUP(INDEX('2a.Detailpunkte'!$A$4:$A$352,MATCH('2. Punkte_Prüfung'!A7,'2a.Detailpunkte'!$D$4:$D$352,0),1)/5,1)*5 -> 68 | F7: =Gesamtpunkte[[#This Row],[Gesamtpunkte ]]/$E$4 -> 0.75555556 | G7: =INDEX('2a.Detailpunkte'!$B$4:$B$352,MATCH('2. Punkte_Prüfung'!A7,'2a.Detailpunkte'!$D$4:$D$352,0),1) -> 68 | H7: =INDEX('2a.Detailpunkte'!$C$4:$C$352,MATCH('2. Punkte_Prüfung'!A7,'2a.Detailpunkte'!$D$4:$D$352,0),1) -> 0 | I7: =Gesamtpunkte[[#This Row],[Punkte F]]/$G$4 -> 1.5111111 | J7: =Gesamtpunkte[[#This Row],[Punkte I]]/$H$4 -> 0 | K7: =IF(AND(ISNA(MATCH(Gesamtpunkte[[#This Row],[Matr.-Nr.]],'4. Noteneintrag'!$C$11:$C$1048576,0)),ISNUMBER(Gesamtpunkte[[#This Row],[Matr.-Nr.]])),"NEIN","JA") -> JA | N7: 5 | O7: 0 | P7: =O7/$O$25 -> 0 | R7: 5 | S7: 0 | T7: =S7/$S$16 -> #DIV/0! | U7: 0 | V7: =U7/$U$16 -> 0
A8: ='2a.Detailpunkte'!D6 -> 3374601 | B8: ='2a.Detailpunkte'!E6 -> Stud13 | C8: ='2a.Detailpunkte'!F6 -> Pseudo | D8: =INDEX('3. Notenszenarien'!$I$6:$I$350,MATCH(Gesamtpunkte[[#This Row],[Matr.-Nr.]],'3. Notenszenarien'!$A$6:$A$1048576,0)) -> 2.3 | E8: =ROUNDUP(INDEX('2a.Detailpunkte'!$A$4:$A$352,MATCH('2. Punkte_Prüfung'!A8,'2a.Detailpunkte'!$D$4:$D$352,0),1)/5,1)*5 -> 71.5 | F8: =Gesamtpunkte[[#This Row],[Gesamtpunkte ]]/$E$4 -> 0.79444444 | G8: =INDEX('2a.Detailpunkte'!$B$4:$B$352,MATCH('2. Punkte_Prüfung'!A8,'2a.Detailpunkte'!$D$4:$D$352,0),1) -> 71.83 | H8: =INDEX('2a.Detailpunkte'!$C$4:$C$352,MATCH('2. Punkte_Prüfung'!A8,'2a.Detailpunkte'!$D$4:$D$352,0),1) -> 0 | I8: =Gesamtpunkte[[#This Row],[Punkte F]]/$G$4 -> 1.5962222 | J8: =Gesamtpunkte[[#This Row],[Punkte I]]/$H$4 -> 0 | K8: =IF(AND(ISNA(MATCH(Gesamtpunkte[[#This Row],[Matr.-Nr.]],'4. Noteneintrag'!$C$11:$C$1048576,0)),ISNUMBER(Gesamtpunkte[[#This Row],[Matr.-Nr.]])),"NEIN","JA") -> JA | N8: 10 | O8: 0 | P8: =O8/$O$25 -> 0 | R8: 10 | S8: 0 | T8: =S8/$S$16 -> #DIV/0! | U8: 0 | V8: =U8/$U$16 -> 0
A9: ='2a.Detailpunkte'!D7 -> 3516593 | B9: ='2a.Detailpunkte'!E7 -> Stud28 | C9: ='2a.Detailpunkte'!F7 -> Pseudo | D9: =INDEX('3. Notenszenarien'!$I$6:$I$350,MATCH(Gesamtpunkte[[#This Row],[Matr.-Nr.]],'3. Notenszenarien'!$A$6:$A$1048576,0)) -> 1.7 | E9: =ROUNDUP(INDEX('2a.Detailpunkte'!$A$4:$A$352,MATCH('2. Punkte_Prüfung'!A9,'2a.Detailpunkte'!$D$4:$D$352,0),1)/5,1)*5 -> 79 | F9: =Gesamtpunkte[[#This Row],[Gesamtpunkte ]]/$E$4 -> 0.87777778 | G9: =INDEX('2a.Detailpunkte'!$B$4:$B$352,MATCH('2. Punkte_Prüfung'!A9,'2a.Detailpunkte'!$D$4:$D$352,0),1) -> 78.83 | H9: =INDEX('2a.Detailpunkte'!$C$4:$C$352,MATCH('2. Punkte_Prüfung'!A9,'2a.Detailpunkte'!$D$4:$D$352,0),1) -> 0 | I9: =Gesamtpunkte[[#This Row],[Punkte F]]/$G$4 -> 1.7517778 | J9: =Gesamtpunkte[[#This Row],[Punkte I]]/$H$4 -> 0 | K9: =IF(AND(ISNA(MATCH(Gesamtpunkte[[#This Row],[Matr.-Nr.]],'4. Noteneintrag'!$C$11:$C$1048576,0)),ISNUMBER(Gesamtpunkte[[#This Row],[Matr.-Nr.]])),"NEIN","JA") -> JA | N9: 15 | O9: 0 | P9: =O9/$O$25 -> 0 | R9: 15 | S9: 0 | T9: =S9/$S$16 -> #DIV/0! | U9: 0 | V9: =U9/$U$16 -> 0
A10: ='2a.Detailpunkte'!D8 -> 3474262 | B10: ='2a.Detailpunkte'!E8 -> Stud17 | C10: ='2a.Detailpunkte'!F8 -> Pseudo | D10: =INDEX('3. Notenszenarien'!$I$6:$I$350,MATCH(Gesamtpunkte[[#This Row],[Matr.-Nr.]],'3. Notenszenarien'!$A$6:$A$1048576,0)) -> 2 | E10: =ROUNDUP(INDEX('2a.Detailpunkte'!$A$4:$A$352,MATCH('2. Punkte_Prüfung'!A10,'2a.Detailpunkte'!$D$4:$D$352,0),1)/5,1)*5 -> 74.5 | F10: =Gesamtpunkte[[#This Row],[Gesamtpunkte ]]/$E$4 -> 0.82777778 | G10: =INDEX('2a.Detailpunkte'!$B$4:$B$352,MATCH('2. Punkte_Prüfung'!A10,'2a.Detailpunkte'!$D$4:$D$352,0),1) -> 74.33 | H10: =INDEX('2a.Detailpunkte'!$C$4:$C$352,MATCH('2. Punkte_Prüfung'!A10,'2a.Detailpunkte'!$D$4:$D$352,0),1) -> 0 | I10: =Gesamtpunkte[[#This Row],[Punkte F]]/$G$4 -> 1.6517778 | J10: =Gesamtpunkte[[#This Row],[Punkte I]]/$H$4 -> 0 | K10: =IF(AND(ISNA(MATCH(Gesamtpunkte[[#This Row],[Matr.-Nr.]],'4. Noteneintrag'!$C$11:$C$1048576,0)),ISNUMBER(Gesamtpunkte[[#This Row],[Matr.-Nr.]])),"NEIN","JA") -> JA | N10: 20 | O10: 0 | P10: =O10/$O$25 -> 0 | R10: 20 | S10: 0 | T10: =S10/$S$16 -> #DIV/0! | U10: 0 | V10: =U10/$U$16 -> 0
A11: ='2a.Detailpunkte'!D9 -> 3474220 | B11: ='2a.Detailpunkte'!E9 -> Stud16 | C11: ='2a.Detailpunkte'!F9 -> Pseudo | D11: =INDEX('3. Notenszenarien'!$I$6:$I$350,MATCH(Gesamtpunkte[[#This Row],[Matr.-Nr.]],'3. Notenszenarien'!$A$6:$A$1048576,0)) -> 2.7 | E11: =ROUNDUP(INDEX('2a.Detailpunkte'!$A$4:$A$352,MATCH('2. Punkte_Prüfung'!A11,'2a.Detailpunkte'!$D$4:$D$352,0),1)/5,1)*5 -> 66.5 | F11: =Gesamtpunkte[[#This Row],[Gesamtpunkte ]]/$E$4 -> 0.73888889 | G11: =INDEX('2a.Detailpunkte'!$B$4:$B$352,MATCH('2. Punkte_Prüfung'!A11,'2a.Detailpunkte'!$D$4:$D$352,0),1) -> 66.5 | H11: =INDEX('2a.Detailpunkte'!$C$4:$C$352,MATCH('2. Punkte_Prüfung'!A11,'2a.Detailpunkte'!$D$4:$D$352,0),1) -> 0 | I11: =Gesamtpunkte[[#This Row],[Punkte F]]/$G$4 -> 1.4777778 | J11: =Gesamtpunkte[[#This Row],[Punkte I]]/$H$4 -> 0 | K11: =IF(AND(ISNA(MATCH(Gesamtpunkte[[#This Row],[Matr.-Nr.]],'4. Noteneintrag'!$C$11:$C$1048576,0)),ISNUMBER(Gesamtpunkte[[#This Row],[Matr.-Nr.]])),"NEIN","JA") -> JA | N11: 25 | O11: 0 | P11: =O11/$O$25 -> 0 | R11: 25 | S11: 0 | T11: =S11/$S$16 -> #DIV/0! | U11: 0 | V11: =U11/$U$16 -> 0
A12: ='2a.Detailpunkte'!D10 -> 3300459 | B12: ='2a.Detailpunkte'!E10 -> Stud08 | C12: ='2a.Detailpunkte'!F10 -> Pseudo | D12: =INDEX('3. Notenszenarien'!$I$6:$I$350,MATCH(Gesamtpunkte[[#This Row],[Matr.-Nr.]],'3. Notenszenarien'!$A$6:$A$1048576,0)) -> 2.3 | E12: =ROUNDUP(INDEX('2a.Detailpunkte'!$A$4:$A$352,MATCH('2. Punkte_Prüfung'!A12,'2a.Detailpunkte'!$D$4:$D$352,0),1)/5,1)*5 -> 71.5 | F12: =Gesamtpunkte[[#This Row],[Gesamtpunkte ]]/$E$4 -> 0.79444444 | G12: =INDEX('2a.Detailpunkte'!$B$4:$B$352,MATCH('2. Punkte_Prüfung'!A12,'2a.Detailpunkte'!$D$4:$D$352,0),1) -> 72 | H12: =INDEX('2a.Detailpunkte'!$C$4:$C$352,MATCH('2. Punkte_Prüfung'!A12,'2a.Detailpunkte'!$D$4:$D$352,0),1) -> 0 | I12: =Gesamtpunkte[[#This Row],[Punkte F]]/$G$4 -> 1.6 | J12: =Gesamtpunkte[[#This Row],[Punkte I]]/$H$4 -> 0 | K12: =IF(AND(ISNA(MATCH(Gesamtpunkte[[#This Row],[Matr.-Nr.]],'4. Noteneintrag'!$C$11:$C$1048576,0)),ISNUMBER(Gesamtpunkte[[#This Row],[Matr.-Nr.]])),"NEIN","JA") -> JA | N12: 30 | O12: 0 | P12: =O12/$O$25 -> 0 | R12: 30 | S12: 0 | T12: =S12/$S$16 -> #DIV/0! | U12: 0 | V12: =U12/$U$16 -> 0
A13: ='2a.Detailpunkte'!D11 -> 3513448 | B13: ='2a.Detailpunkte'!E11 -> Stud25 | C13: ='2a.Detailpunkte'!F11 -> Pseudo | D13: =INDEX('3. Notenszenarien'!$I$6:$I$350,MATCH(Gesamtpunkte[[#This Row],[Matr.-Nr.]],'3. Notenszenarien'!$A$6:$A$1048576,0)) -> 1.7 | E13: =ROUNDUP(INDEX('2a.Detailpunkte'!$A$4:$A$352,MATCH('2. Punkte_Prüfung'!A13,'2a.Detailpunkte'!$D$4:$D$352,0),1)/5,1)*5 -> 77 | F13: =Gesamtpunkte[[#This Row],[Gesamtpunkte ]]/$E$4 -> 0.85555556 | G13: =INDEX('2a.Detailpunkte'!$B$4:$B$352,MATCH('2. Punkte_Prüfung'!A13,'2a.Detailpunkte'!$D$4:$D$352,0),1) -> 77 | H13: =INDEX('2a.Detailpunkte'!$C$4:$C$352,MATCH('2. Punkte_Prüfung'!A13,'2a.Detailpunkte'!$D$4:$D$352,0),1) -> 0 | I13: =Gesamtpunkte[[#This Row],[Punkte F]]/$G$4 -> 1.7111111 | J13: =Gesamtpunkte[[#This Row],[Punkte I]]/$H$4 -> 0 | K13: =IF(AND(ISNA(MATCH(Gesamtpunkte[[#This Row],[Matr.-Nr.]],'4. Noteneintrag'!$C$11:$C$1048576,0)),ISNUMBER(Gesamtpunkte[[#This Row],[Matr.-Nr.]])),"NEIN","JA") -> JA | N13: 35 | O13: 0 | P13: =O13/$O$25 -> 0 | R13: 35 | S13: 0 | T13: =S13/$S$16 -> #DIV/0! | U13: 0 | V13: =U13/$U$16 -> 0
A14: ='2a.Detailpunkte'!D12 -> 3314377 | B14: ='2a.Detailpunkte'!E12 -> Stud10 | C14: ='2a.Detailpunkte'!F12 -> Pseudo | D14: =INDEX('3. Notenszenarien'!$I$6:$I$350,MATCH(Gesamtpunkte[[#This Row],[Matr.-Nr.]],'3. Notenszenarien'!$A$6:$A$1048576,0)) -> 1.7 | E14: =ROUNDUP(INDEX('2a.Detailpunkte'!$A$4:$A$352,MATCH('2. Punkte_Prüfung'!A14,'2a.Detailpunkte'!$D$4:$D$352,0),1)/5,1)*5 -> 77 | F14: =Gesamtpunkte[[#This Row],[Gesamtpunkte ]]/$E$4 -> 0.85555556 | G14: =INDEX('2a.Detailpunkte'!$B$4:$B$352,MATCH('2. Punkte_Prüfung'!A14,'2a.Detailpunkte'!$D$4:$D$352,0),1) -> 77 | H14: =INDEX('2a.Detailpunkte'!$C$4:$C$352,MATCH('2. Punkte_Prüfung'!A14,'2a.Detailpunkte'!$D$4:$D$352,0),1) -> 0 | I14: =Gesamtpunkte[[#This Row],[Punkte F]]/$G$4 -> 1.7111111 | J14: =Gesamtpunkte[[#This Row],[Punkte I]]/$H$4 -> 0 | K14: =IF(AND(ISNA(MATCH(Gesamtpunkte[[#This Row],[Matr.-Nr.]],'4. Noteneintrag'!$C$11:$C$1048576,0)),ISNUMBER(Gesamtpunkte[[#This Row],[Matr.-Nr.]])),"NEIN","JA") -> JA | N14: 40 | O14: 0 | P14: =O14/$O$25 -> 0 | R14: 40 | S14: 0 | T14: =S14/$S$16 -> #DIV/0! | U14: 0 | V14: =U14/$U$16 -> 0
A15: ='2a.Detailpunkte'!D13 -> 3478653 | B15: ='2a.Detailpunkte'!E13 -> Stud21 | C15: ='2a.Detailpunkte'!F13 -> Pseudo | D15: =INDEX('3. Notenszenarien'!$I$6:$I$350,MATCH(Gesamtpunkte[[#This Row],[Matr.-Nr.]],'3. Notenszenarien'!$A$6:$A$1048576,0)) -> 1.3 | E15: =ROUNDUP(INDEX('2a.Detailpunkte'!$A$4:$A$352,MATCH('2. Punkte_Prüfung'!A15,'2a.Detailpunkte'!$D$4:$D$352,0),1)/5,1)*5 -> 82.5 | F15: =Gesamtpunkte[[#This Row],[Gesamtpunkte ]]/$E$4 -> 0.91666667 | G15: =INDEX('2a.Detailpunkte'!$B$4:$B$352,MATCH('2. Punkte_Prüfung'!A15,'2a.Detailpunkte'!$D$4:$D$352,0),1) -> 85.5 | H15: =INDEX('2a.Detailpunkte'!$C$4:$C$352,MATCH('2. Punkte_Prüfung'!A15,'2a.Detailpunkte'!$D$4:$D$352,0),1) -> 0 | I15: =Gesamtpunkte[[#This Row],[Punkte F]]/$G$4 -> 1.9 | J15: =Gesamtpunkte[[#This Row],[Punkte I]]/$H$4 -> 0 | K15: =IF(AND(ISNA(MATCH(Gesamtpunkte[[#This Row],[Matr.-Nr.]],'4. Noteneintrag'!$C$11:$C$1048576,0)),ISNUMBER(Gesamtpunkte[[#This Row],[Matr.-Nr.]])),"NEIN","JA") -> JA | N15: 45 | O15: 0 | P15: =O15/$O$25 -> 0 | R15: 45 | S15: 0 | T15: =S15/$S$16 -> #DIV/0! | U15: 0 | V15: =U15/$U$16 -> 0
A16: ='2a.Detailpunkte'!D14 -> 3478426 | B16: ='2a.Detailpunkte'!E14 -> Stud20 | C16: ='2a.Detailpunkte'!F14 -> Pseudo | D16: =INDEX('3. Notenszenarien'!$I$6:$I$350,MATCH(Gesamtpunkte[[#This Row],[Matr.-Nr.]],'3. Notenszenarien'!$A$6:$A$1048576,0)) -> 1.7 | E16: =ROUNDUP(INDEX('2a.Detailpunkte'!$A$4:$A$352,MATCH('2. Punkte_Prüfung'!A16,'2a.Detailpunkte'!$D$4:$D$352,0),1)/5,1)*5 -> 76.5 | F16: =Gesamtpunkte[[#This Row],[Gesamtpunkte ]]/$E$4 -> 0.85 | G16: =INDEX('2a.Detailpunkte'!$B$4:$B$352,MATCH('2. Punkte_Prüfung'!A16,'2a.Detailpunkte'!$D$4:$D$352,0),1) -> 76.5 | H16: =INDEX('2a.Detailpunkte'!$C$4:$C$352,MATCH('2. Punkte_Prüfung'!A16,'2a.Detailpunkte'!$D$4:$D$352,0),1) -> 0 | I16: =Gesamtpunkte[[#This Row],[Punkte F]]/$G$4 -> 1.7 | J16: =Gesamtpunkte[[#This Row],[Punkte I]]/$H$4 -> 0 | K16: =IF(AND(ISNA(MATCH(Gesamtpunkte[[#This Row],[Matr.-Nr.]],'4. Noteneintrag'!$C$11:$C$1048576,0)),ISNUMBER(Gesamtpunkte[[#This Row],[Matr.-Nr.]])),"NEIN","JA") -> JA | N16: 50 | O16: 0 | P16: =O16/$O$25 -> 0 | R16: Summe | S16: =SUM(S6:S15) -> 0 | T16: =SUM(T6:T15) -> #DIV/0! | U16: =SUM(U6:U15) -> 28 | V16: =SUM(V6:V15) -> 1
A17: ='2a.Detailpunkte'!D15 -> 3202847 | B17: ='2a.Detailpunkte'!E15 -> Stud02 | C17: ='2a.Detailpunkte'!F15 -> Pseudo | D17: =INDEX('3. Notenszenarien'!$I$6:$I$350,MATCH(Gesamtpunkte[[#This Row],[Matr.-Nr.]],'3. Notenszenarien'!$A$6:$A$1048576,0)) -> 2 | E17: =ROUNDUP(INDEX('2a.Detailpunkte'!$A$4:$A$352,MATCH('2. Punkte_Prüfung'!A17,'2a.Detailpunkte'!$D$4:$D$352,0),1)/5,1)*5 -> 75.5 | F17: =Gesamtpunkte[[#This Row],[Gesamtpunkte ]]/$E$4 -> 0.83888889 | G17: =INDEX('2a.Detailpunkte'!$B$4:$B$352,MATCH('2. Punkte_Prüfung'!A17,'2a.Detailpunkte'!$D$4:$D$352,0),1) -> 75.5 | H17: =INDEX('2a.Detailpunkte'!$C$4:$C$352,MATCH('2. Punkte_Prüfung'!A17,'2a.Detailpunkte'!$D$4:$D$352,0),1) -> 0 | I17: =Gesamtpunkte[[#This Row],[Punkte F]]/$G$4 -> 1.6777778 | J17: =Gesamtpunkte[[#This Row],[Punkte I]]/$H$4 -> 0 | K17: =IF(AND(ISNA(MATCH(Gesamtpunkte[[#This Row],[Matr.-Nr.]],'4. Noteneintrag'!$C$11:$C$1048576,0)),ISNUMBER(Gesamtpunkte[[#This Row],[Matr.-Nr.]])),"NEIN","JA") -> JA | N17: 55 | O17: 0 | P17: =O17/$O$25 -> 0
A18: ='2a.Detailpunkte'!D16 -> 3472086 | B18: ='2a.Detailpunkte'!E16 -> Stud15 | C18: ='2a.Detailpunkte'!F16 -> Pseudo | D18: =INDEX('3. Notenszenarien'!$I$6:$I$350,MATCH(Gesamtpunkte[[#This Row],[Matr.-Nr.]],'3. Notenszenarien'!$A$6:$A$1048576,0)) -> 2.3 | E18: =ROUNDUP(INDEX('2a.Detailpunkte'!$A$4:$A$352,MATCH('2. Punkte_Prüfung'!A18,'2a.Detailpunkte'!$D$4:$D$352,0),1)/5,1)*5 -> 71 | F18: =Gesamtpunkte[[#This Row],[Gesamtpunkte ]]/$E$4 -> 0.78888889 | G18: =INDEX('2a.Detailpunkte'!$B$4:$B$352,MATCH('2. Punkte_Prüfung'!A18,'2a.Detailpunkte'!$D$4:$D$352,0),1) -> 71 | H18: =INDEX('2a.Detailpunkte'!$C$4:$C$352,MATCH('2. Punkte_Prüfung'!A18,'2a.Detailpunkte'!$D$4:$D$352,0),1) -> 0 | I18: =Gesamtpunkte[[#This Row],[Punkte F]]/$G$4 -> 1.5777778 | J18: =Gesamtpunkte[[#This Row],[Punkte I]]/$H$4 -> 0 | K18: =IF(AND(ISNA(MATCH(Gesamtpunkte[[#This Row],[Matr.-Nr.]],'4. Noteneintrag'!$C$11:$C$1048576,0)),ISNUMBER(Gesamtpunkte[[#This Row],[Matr.-Nr.]])),"NEIN","JA") -> JA | N18: 60 | O18: 0 | P18: =O18/$O$25 -> 0
A19: ='2a.Detailpunkte'!D17 -> 3226049 | B19: ='2a.Detailpunkte'!E17 -> Stud03 | C19: ='2a.Detailpunkte'!F17 -> Pseudo | D19: =INDEX('3. Notenszenarien'!$I$6:$I$350,MATCH(Gesamtpunkte[[#This Row],[Matr.-Nr.]],'3. Notenszenarien'!$A$6:$A$1048576,0)) -> 1 | E19: =ROUNDUP(INDEX('2a.Detailpunkte'!$A$4:$A$352,MATCH('2. Punkte_Prüfung'!A19,'2a.Detailpunkte'!$D$4:$D$352,0),1)/5,1)*5 -> 87 | F19: =Gesamtpunkte[[#This Row],[Gesamtpunkte ]]/$E$4 -> 0.96666667 | G19: =INDEX('2a.Detailpunkte'!$B$4:$B$352,MATCH('2. Punkte_Prüfung'!A19,'2a.Detailpunkte'!$D$4:$D$352,0),1) -> 87 | H19: =INDEX('2a.Detailpunkte'!$C$4:$C$352,MATCH('2. Punkte_Prüfung'!A19,'2a.Detailpunkte'!$D$4:$D$352,0),1) -> 0 | I19: =Gesamtpunkte[[#This Row],[Punkte F]]/$G$4 -> 1.9333333 | J19: =Gesamtpunkte[[#This Row],[Punkte I]]/$H$4 -> 0 | K19: =IF(AND(ISNA(MATCH(Gesamtpunkte[[#This Row],[Matr.-Nr.]],'4. Noteneintrag'!$C$11:$C$1048576,0)),ISNUMBER(Gesamtpunkte[[#This Row],[Matr.-Nr.]])),"NEIN","JA") -> JA | N19: 65 | O19: 1 | P19: =O19/$O$25 -> 0.035714286
A20: ='2a.Detailpunkte'!D18 -> 3483130 | B20: ='2a.Detailpunkte'!E18 -> Stud22 | C20: ='2a.Detailpunkte'!F18 -> Pseudo | D20: =INDEX('3. Notenszenarien'!$I$6:$I$350,MATCH(Gesamtpunkte[[#This Row],[Matr.-Nr.]],'3. Notenszenarien'!$A$6:$A$1048576,0)) -> 2 | E20: =ROUNDUP(INDEX('2a.Detailpunkte'!$A$4:$A$352,MATCH('2. Punkte_Prüfung'!A20,'2a.Detailpunkte'!$D$4:$D$352,0),1)/5,1)*5 -> 72 | F20: =Gesamtpunkte[[#This Row],[Gesamtpunkte ]]/$E$4 -> 0.8 | G20: =INDEX('2a.Detailpunkte'!$B$4:$B$352,MATCH('2. Punkte_Prüfung'!A20,'2a.Detailpunkte'!$D$4:$D$352,0),1) -> 72 | H20: =INDEX('2a.Detailpunkte'!$C$4:$C$352,MATCH('2. Punkte_Prüfung'!A20,'2a.Detailpunkte'!$D$4:$D$352,0),1) -> 0 | I20: =Gesamtpunkte[[#This Row],[Punkte F]]/$G$4 -> 1.6 | J20: =Gesamtpunkte[[#This Row],[Punkte I]]/$H$4 -> 0 | K20: =IF(AND(ISNA(MATCH(Gesamtpunkte[[#This Row],[Matr.-Nr.]],'4. Noteneintrag'!$C$11:$C$1048576,0)),ISNUMBER(Gesamtpunkte[[#This Row],[Matr.-Nr.]])),"NEIN","JA") -> JA | N20: 70 | O20: 2 | P20: =O20/$O$25 -> 0.071428571
A21: ='2a.Detailpunkte'!D19 -> 3298408 | B21: ='2a.Detailpunkte'!E19 -> Stud07 | C21: ='2a.Detailpunkte'!F19 -> Pseudo | D21: =INDEX('3. Notenszenarien'!$I$6:$I$350,MATCH(Gesamtpunkte[[#This Row],[Matr.-Nr.]],'3. Notenszenarien'!$A$6:$A$1048576,0)) -> 2 | E21: =ROUNDUP(INDEX('2a.Detailpunkte'!$A$4:$A$352,MATCH('2. Punkte_Prüfung'!A21,'2a.Detailpunkte'!$D$4:$D$352,0),1)/5,1)*5 -> 76 | F21: =Gesamtpunkte[[#This Row],[Gesamtpunkte ]]/$E$4 -> 0.84444444 | G21: =INDEX('2a.Detailpunkte'!$B$4:$B$352,MATCH('2. Punkte_Prüfung'!A21,'2a.Detailpunkte'!$D$4:$D$352,0),1) -> 76.5 | H21: =INDEX('2a.Detailpunkte'!$C$4:$C$352,MATCH('2. Punkte_Prüfung'!A21,'2a.Detailpunkte'!$D$4:$D$352,0),1) -> 0 | I21: =Gesamtpunkte[[#This Row],[Punkte F]]/$G$4 -> 1.7 | J21: =Gesamtpunkte[[#This Row],[Punkte I]]/$H$4 -> 0 | K21: =IF(AND(ISNA(MATCH(Gesamtpunkte[[#This Row],[Matr.-Nr.]],'4. Noteneintrag'!$C$11:$C$1048576,0)),ISNUMBER(Gesamtpunkte[[#This Row],[Matr.-Nr.]])),"NEIN","JA") -> JA | N21: 75 | O21: 10 | P21: =O21/$O$25 -> 0.35714286
A22: ='2a.Detailpunkte'!D20 -> 3489059 | B22: ='2a.Detailpunkte'!E20 -> Stud23 | C22: ='2a.Detailpunkte'!F20 -> Pseudo | D22: =INDEX('3. Notenszenarien'!$I$6:$I$350,MATCH(Gesamtpunkte[[#This Row],[Matr.-Nr.]],'3. Notenszenarien'!$A$6:$A$1048576,0)) -> 1.7 | E22: =ROUNDUP(INDEX('2a.Detailpunkte'!$A$4:$A$352,MATCH('2. Punkte_Prüfung'!A22,'2a.Detailpunkte'!$D$4:$D$352,0),1)/5,1)*5 -> 76.5 | F22: =Gesamtpunkte[[#This Row],[Gesamtpunkte ]]/$E$4 -> 0.85 | G22: =INDEX('2a.Detailpunkte'!$B$4:$B$352,MATCH('2. Punkte_Prüfung'!A22,'2a.Detailpunkte'!$D$4:$D$352,0),1) -> 76.33 | H22: =INDEX('2a.Detailpunkte'!$C$4:$C$352,MATCH('2. Punkte_Prüfung'!A22,'2a.Detailpunkte'!$D$4:$D$352,0),1) -> 0 | I22: =Gesamtpunkte[[#This Row],[Punkte F]]/$G$4 -> 1.6962222 | J22: =Gesamtpunkte[[#This Row],[Punkte I]]/$H$4 -> 0 | K22: =IF(AND(ISNA(MATCH(Gesamtpunkte[[#This Row],[Matr.-Nr.]],'4. Noteneintrag'!$C$11:$C$1048576,0)),ISNUMBER(Gesamtpunkte[[#This Row],[Matr.-Nr.]])),"NEIN","JA") -> JA | N22: 80 | O22: 9 | P22: =O22/$O$25 -> 0.32142857
A23: ='2a.Detailpunkte'!D21 -> 3273308 | B23: ='2a.Detailpunkte'!E21 -> Stud05 | C23: ='2a.Detailpunkte'!F21 -> Pseudo | D23: =INDEX('3. Notenszenarien'!$I$6:$I$350,MATCH(Gesamtpunkte[[#This Row],[Matr.-Nr.]],'3. Notenszenarien'!$A$6:$A$1048576,0)) -> 2 | E23: =ROUNDUP(INDEX('2a.Detailpunkte'!$A$4:$A$352,MATCH('2. Punkte_Prüfung'!A23,'2a.Detailpunkte'!$D$4:$D$352,0),1)/5,1)*5 -> 72 | F23: =Gesamtpunkte[[#This Row],[Gesamtpunkte ]]/$E$4 -> 0.8 | G23: =INDEX('2a.Detailpunkte'!$B$4:$B$352,MATCH('2. Punkte_Prüfung'!A23,'2a.Detailpunkte'!$D$4:$D$352,0),1) -> 71.83 | H23: =INDEX('2a.Detailpunkte'!$C$4:$C$352,MATCH('2. Punkte_Prüfung'!A23,'2a.Detailpunkte'!$D$4:$D$352,0),1) -> 0 | I23: =Gesamtpunkte[[#This Row],[Punkte F]]/$G$4 -> 1.5962222 | J23: =Gesamtpunkte[[#This Row],[Punkte I]]/$H$4 -> 0 | K23: =IF(AND(ISNA(MATCH(Gesamtpunkte[[#This Row],[Matr.-Nr.]],'4. Noteneintrag'!$C$11:$C$1048576,0)),ISNUMBER(Gesamtpunkte[[#This Row],[Matr.-Nr.]])),"NEIN","JA") -> JA | N23: 85 | O23: 5 | P23: =O23/$O$25 -> 0.17857143
A24: ='2a.Detailpunkte'!D22 -> 3361157 | B24: ='2a.Detailpunkte'!E22 -> Stud12 | C24: ='2a.Detailpunkte'!F22 -> Pseudo | D24: =INDEX('3. Notenszenarien'!$I$6:$I$350,MATCH(Gesamtpunkte[[#This Row],[Matr.-Nr.]],'3. Notenszenarien'!$A$6:$A$1048576,0)) -> 1.3 | E24: =ROUNDUP(INDEX('2a.Detailpunkte'!$A$4:$A$352,MATCH('2. Punkte_Prüfung'!A24,'2a.Detailpunkte'!$D$4:$D$352,0),1)/5,1)*5 -> 83 | F24: =Gesamtpunkte[[#This Row],[Gesamtpunkte ]]/$E$4 -> 0.92222222 | G24: =INDEX('2a.Detailpunkte'!$B$4:$B$352,MATCH('2. Punkte_Prüfung'!A24,'2a.Detailpunkte'!$D$4:$D$352,0),1) -> 83 | H24: =INDEX('2a.Detailpunkte'!$C$4:$C$352,MATCH('2. Punkte_Prüfung'!A24,'2a.Detailpunkte'!$D$4:$D$352,0),1) -> 0 | I24: =Gesamtpunkte[[#This Row],[Punkte F]]/$G$4 -> 1.8444444 | J24: =Gesamtpunkte[[#This Row],[Punkte I]]/$H$4 -> 0 | K24: =IF(AND(ISNA(MATCH(Gesamtpunkte[[#This Row],[Matr.-Nr.]],'4. Noteneintrag'!$C$11:$C$1048576,0)),ISNUMBER(Gesamtpunkte[[#This Row],[Matr.-Nr.]])),"NEIN","JA") -> JA | N24: 90 | O24: 1 | P24: =O24/$O$25 -> 0.035714286
A25: ='2a.Detailpunkte'!D23 -> 3475876 | B25: ='2a.Detailpunkte'!E23 -> Stud18 | C25: ='2a.Detailpunkte'!F23 -> Pseudo | D25: =INDEX('3. Notenszenarien'!$I$6:$I$350,MATCH(Gesamtpunkte[[#This Row],[Matr.-Nr.]],'3. Notenszenarien'!$A$6:$A$1048576,0)) -> 1.3 | E25: =ROUNDUP(INDEX('2a.Detailpunkte'!$A$4:$A$352,MATCH('2. Punkte_Prüfung'!A25,'2a.Detailpunkte'!$D$4:$D$352,0),1)/5,1)*5 -> 83 | F25: =Gesamtpunkte[[#This Row],[Gesamtpunkte ]]/$E$4 -> 0.92222222 | G25: =INDEX('2a.Detailpunkte'!$B$4:$B$352,MATCH('2. Punkte_Prüfung'!A25,'2a.Detailpunkte'!$D$4:$D$352,0),1) -> 83 | H25: =INDEX('2a.Detailpunkte'!$C$4:$C$352,MATCH('2. Punkte_Prüfung'!A25,'2a.Detailpunkte'!$D$4:$D$352,0),1) -> 0 | I25: =Gesamtpunkte[[#This Row],[Punkte F]]/$G$4 -> 1.8444444 | J25: =Gesamtpunkte[[#This Row],[Punkte I]]/$H$4 -> 0 | K25: =IF(AND(ISNA(MATCH(Gesamtpunkte[[#This Row],[Matr.-Nr.]],'4. Noteneintrag'!$C$11:$C$1048576,0)),ISNUMBER(Gesamtpunkte[[#This Row],[Matr.-Nr.]])),"NEIN","JA") -> JA | N25: Summe | O25: =SUM(O6:O24) -> 28 | P25: =SUM(P6:P24) -> 1
A26: ='2a.Detailpunkte'!D24 -> 3513589 | B26: ='2a.Detailpunkte'!E24 -> Stud26 | C26: ='2a.Detailpunkte'!F24 -> Pseudo | D26: =INDEX('3. Notenszenarien'!$I$6:$I$350,MATCH(Gesamtpunkte[[#This Row],[Matr.-Nr.]],'3. Notenszenarien'!$A$6:$A$1048576,0)) -> 2 | E26: =ROUNDUP(INDEX('2a.Detailpunkte'!$A$4:$A$352,MATCH('2. Punkte_Prüfung'!A26,'2a.Detailpunkte'!$D$4:$D$352,0),1)/5,1)*5 -> 73.5 | F26: =Gesamtpunkte[[#This Row],[Gesamtpunkte ]]/$E$4 -> 0.81666667 | G26: =INDEX('2a.Detailpunkte'!$B$4:$B$352,MATCH('2. Punkte_Prüfung'!A26,'2a.Detailpunkte'!$D$4:$D$352,0),1) -> 73.5 | H26: =INDEX('2a.Detailpunkte'!$C$4:$C$352,MATCH('2. Punkte_Prüfung'!A26,'2a.Detailpunkte'!$D$4:$D$352,0),1) -> 0 | I26: =Gesamtpunkte[[#This Row],[Punkte F]]/$G$4 -> 1.6333333 | J26: =Gesamtpunkte[[#This Row],[Punkte I]]/$H$4 -> 0 | K26: =IF(AND(ISNA(MATCH(Gesamtpunkte[[#This Row],[Matr.-Nr.]],'4. Noteneintrag'!$C$11:$C$1048576,0)),ISNUMBER(Gesamtpunkte[[#This Row],[Matr.-Nr.]])),"NEIN","JA") -> JA
A27: ='2a.Detailpunkte'!D25 -> 3173903 | B27: ='2a.Detailpunkte'!E25 -> Stud01 | C27: ='2a.Detailpunkte'!F25 -> Pseudo | D27: =INDEX('3. Notenszenarien'!$I$6:$I$350,MATCH(Gesamtpunkte[[#This Row],[Matr.-Nr.]],'3. Notenszenarien'!$A$6:$A$1048576,0)) -> 1.7 | E27: =ROUNDUP(INDEX('2a.Detailpunkte'!$A$4:$A$352,MATCH('2. Punkte_Prüfung'!A27,'2a.Detailpunkte'!$D$4:$D$352,0),1)/5,1)*5 -> 77.5 | F27: =Gesamtpunkte[[#This Row],[Gesamtpunkte ]]/$E$4 -> 0.86111111 | G27: =INDEX('2a.Detailpunkte'!$B$4:$B$352,MATCH('2. Punkte_Prüfung'!A27,'2a.Detailpunkte'!$D$4:$D$352,0),1) -> 77.5 | H27: =INDEX('2a.Detailpunkte'!$C$4:$C$352,MATCH('2. Punkte_Prüfung'!A27,'2a.Detailpunkte'!$D$4:$D$352,0),1) -> 0 | I27: =Gesamtpunkte[[#This Row],[Punkte F]]/$G$4 -> 1.7222222 | J27: =Gesamtpunkte[[#This Row],[Punkte I]]/$H$4 -> 0 | K27: =IF(AND(ISNA(MATCH(Gesamtpunkte[[#This Row],[Matr.-Nr.]],'4. Noteneintrag'!$C$11:$C$1048576,0)),ISNUMBER(Gesamtpunkte[[#This Row],[Matr.-Nr.]])),"NEIN","JA") -> JA
A28: ='2a.Detailpunkte'!D26 -> 3312357 | B28: ='2a.Detailpunkte'!E26 -> Stud09 | C28: ='2a.Detailpunkte'!F26 -> Pseudo | D28: =INDEX('3. Notenszenarien'!$I$6:$I$350,MATCH(Gesamtpunkte[[#This Row],[Matr.-Nr.]],'3. Notenszenarien'!$A$6:$A$1048576,0)) -> 1.3 | E28: =ROUNDUP(INDEX('2a.Detailpunkte'!$A$4:$A$352,MATCH('2. Punkte_Prüfung'!A28,'2a.Detailpunkte'!$D$4:$D$352,0),1)/5,1)*5 -> 84 | F28: =Gesamtpunkte[[#This Row],[Gesamtpunkte ]]/$E$4 -> 0.93333333 | G28: =INDEX('2a.Detailpunkte'!$B$4:$B$352,MATCH('2. Punkte_Prüfung'!A28,'2a.Detailpunkte'!$D$4:$D$352,0),1) -> 84 | H28: =INDEX('2a.Detailpunkte'!$C$4:$C$352,MATCH('2. Punkte_Prüfung'!A28,'2a.Detailpunkte'!$D$4:$D$352,0),1) -> 0 | I28: =Gesamtpunkte[[#This Row],[Punkte F]]/$G$4 -> 1.8666667 | J28: =Gesamtpunkte[[#This Row],[Punkte I]]/$H$4 -> 0 | K28: =IF(AND(ISNA(MATCH(Gesamtpunkte[[#This Row],[Matr.-Nr.]],'4. Noteneintrag'!$C$11:$C$1048576,0)),ISNUMBER(Gesamtpunkte[[#This Row],[Matr.-Nr.]])),"NEIN","JA") -> JA
A29: ='2a.Detailpunkte'!D27 -> 3269604 | B29: ='2a.Detailpunkte'!E27 -> Stud04 | C29: ='2a.Detailpunkte'!F27 -> Pseudo | D29: =INDEX('3. Notenszenarien'!$I$6:$I$350,MATCH(Gesamtpunkte[[#This Row],[Matr.-Nr.]],'3. Notenszenarien'!$A$6:$A$1048576,0)) -> 1.3 | E29: =ROUNDUP(INDEX('2a.Detailpunkte'!$A$4:$A$352,MATCH('2. Punkte_Prüfung'!A29,'2a.Detailpunkte'!$D$4:$D$352,0),1)/5,1)*5 -> 84.5 | F29: =Gesamtpunkte[[#This Row],[Gesamtpunkte ]]/$E$4 -> 0.93888889 | G29: =INDEX('2a.Detailpunkte'!$B$4:$B$352,MATCH('2. Punkte_Prüfung'!A29,'2a.Detailpunkte'!$D$4:$D$352,0),1) -> 84.5 | H29: =INDEX('2a.Detailpunkte'!$C$4:$C$352,MATCH('2. Punkte_Prüfung'!A29,'2a.Detailpunkte'!$D$4:$D$352,0),1) -> 0 | I29: =Gesamtpunkte[[#This Row],[Punkte F]]/$G$4 -> 1.8777778 | J29: =Gesamtpunkte[[#This Row],[Punkte I]]/$H$4 -> 0 | K29: =IF(AND(ISNA(MATCH(Gesamtpunkte[[#This Row],[Matr.-Nr.]],'4. Noteneintrag'!$C$11:$C$1048576,0)),ISNUMBER(Gesamtpunkte[[#This Row],[Matr.-Nr.]])),"NEIN","JA") -> JA
A30: ='2a.Detailpunkte'!D28 -> 3274772 | B30: ='2a.Detailpunkte'!E28 -> Stud06 | C30: ='2a.Detailpunkte'!F28 -> Pseudo | D30: =INDEX('3. Notenszenarien'!$I$6:$I$350,MATCH(Gesamtpunkte[[#This Row],[Matr.-Nr.]],'3. Notenszenarien'!$A$6:$A$1048576,0)) -> 2.3 | E30: =ROUNDUP(INDEX('2a.Detailpunkte'!$A$4:$A$352,MATCH('2. Punkte_Prüfung'!A30,'2a.Detailpunkte'!$D$4:$D$352,0),1)/5,1)*5 -> 70.5 | F30: =Gesamtpunkte[[#This Row],[Gesamtpunkte ]]/$E$4 -> 0.78333333 | G30: =INDEX('2a.Detailpunkte'!$B$4:$B$352,MATCH('2. Punkte_Prüfung'!A30,'2a.Detailpunkte'!$D$4:$D$352,0),1) -> 70.33 | H30: =INDEX('2a.Detailpunkte'!$C$4:$C$352,MATCH('2. Punkte_Prüfung'!A30,'2a.Detailpunkte'!$D$4:$D$352,0),1) -> 0 | I30: =Gesamtpunkte[[#This Row],[Punkte F]]/$G$4 -> 1.5628889 | J30: =Gesamtpunkte[[#This Row],[Punkte I]]/$H$4 -> 0 | K30: =IF(AND(ISNA(MATCH(Gesamtpunkte[[#This Row],[Matr.-Nr.]],'4. Noteneintrag'!$C$11:$C$1048576,0)),ISNUMBER(Gesamtpunkte[[#This Row],[Matr.-Nr.]])),"NEIN","JA") -> JA
A31: ='2a.Detailpunkte'!D29 -> 3514106 | B31: ='2a.Detailpunkte'!E29 -> Stud27 | C31: ='2a.Detailpunkte'!F29 -> Pseudo | D31: =INDEX('3. Notenszenarien'!$I$6:$I$350,MATCH(Gesamtpunkte[[#This Row],[Matr.-Nr.]],'3. Notenszenarien'!$A$6:$A$1048576,0)) -> 3 | E31: =ROUNDUP(INDEX('2a.Detailpunkte'!$A$4:$A$352,MATCH('2. Punkte_Prüfung'!A31,'2a.Detailpunkte'!$D$4:$D$352,0),1)/5,1)*5 -> 61.5 | F31: =Gesamtpunkte[[#This Row],[Gesamtpunkte ]]/$E$4 -> 0.68333333 | G31: =INDEX('2a.Detailpunkte'!$B$4:$B$352,MATCH('2. Punkte_Prüfung'!A31,'2a.Detailpunkte'!$D$4:$D$352,0),1) -> 61.33 | H31: =INDEX('2a.Detailpunkte'!$C$4:$C$352,MATCH('2. Punkte_Prüfung'!A31,'2a.Detailpunkte'!$D$4:$D$352,0),1) -> 0 | I31: =Gesamtpunkte[[#This Row],[Punkte F]]/$G$4 -> 1.3628889 | J31: =Gesamtpunkte[[#This Row],[Punkte I]]/$H$4 -> 0 | K31: =IF(AND(ISNA(MATCH(Gesamtpunkte[[#This Row],[Matr.-Nr.]],'4. Noteneintrag'!$C$11:$C$1048576,0)),ISNUMBER(Gesamtpunkte[[#This Row],[Matr.-Nr.]])),"NEIN","JA") -> JA
A32: ='2a.Detailpunkte'!D30 -> 3477713 | B32: ='2a.Detailpunkte'!E30 -> Stud19 | C32: ='2a.Detailpunkte'!F30 -> Pseudo | D32: =INDEX('3. Notenszenarien'!$I$6:$I$350,MATCH(Gesamtpunkte[[#This Row],[Matr.-Nr.]],'3. Notenszenarien'!$A$6:$A$1048576,0)) -> 2 | E32: =ROUNDUP(INDEX('2a.Detailpunkte'!$A$4:$A$352,MATCH('2. Punkte_Prüfung'!A32,'2a.Detailpunkte'!$D$4:$D$352,0),1)/5,1)*5 -> 74.5 | F32: =Gesamtpunkte[[#This Row],[Gesamtpunkte ]]/$E$4 -> 0.82777778 | G32: =INDEX('2a.Detailpunkte'!$B$4:$B$352,MATCH('2. Punkte_Prüfung'!A32,'2a.Detailpunkte'!$D$4:$D$352,0),1) -> 74.33 | H32: =INDEX('2a.Detailpunkte'!$C$4:$C$352,MATCH('2. Punkte_Prüfung'!A32,'2a.Detailpunkte'!$D$4:$D$352,0),1) -> 0 | I32: =Gesamtpunkte[[#This Row],[Punkte F]]/$G$4 -> 1.6517778 | J32: =Gesamtpunkte[[#This Row],[Punkte I]]/$H$4 -> 0 | K32: =IF(AND(ISNA(MATCH(Gesamtpunkte[[#This Row],[Matr.-Nr.]],'4. Noteneintrag'!$C$11:$C$1048576,0)),ISNUMBER(Gesamtpunkte[[#This Row],[Matr.-Nr.]])),"NEIN","JA") -> JA
A33: ='2a.Detailpunkte'!D31 -> 3491126 | B33: ='2a.Detailpunkte'!#REF! -> #REF! | C33: ='2a.Detailpunkte'!#REF! -> #REF! | D33: =INDEX('3. Notenszenarien'!$I$6:$I$350,MATCH(Gesamtpunkte[[#This Row],[Matr.-Nr.]],'3. Notenszenarien'!$A$6:$A$1048576,0)) -> 1.7 | E33: =ROUNDUP(INDEX('2a.Detailpunkte'!$A$4:$A$352,MATCH('2. Punkte_Prüfung'!A33,'2a.Detailpunkte'!$D$4:$D$352,0),1)/5,1)*5 -> 78 | F33: =Gesamtpunkte[[#This Row],[Gesamtpunkte ]]/$E$4 -> 0.86666667 | G33: =INDEX('2a.Detailpunkte'!$B$4:$B$352,MATCH('2. Punkte_Prüfung'!A33,'2a.Detailpunkte'!$D$4:$D$352,0),1) -> 78 | H33: =INDEX('2a.Detailpunkte'!$C$4:$C$352,MATCH('2. Punkte_Prüfung'!A33,'2a.Detailpunkte'!$D$4:$D$352,0),1) -> 0 | I33: =Gesamtpunkte[[#This Row],[Punkte F]]/$G$4 -> 1.7333333 | J33: =Gesamtpunkte[[#This Row],[Punkte I]]/$H$4 -> 0 | K33: =IF(AND(ISNA(MATCH(Gesamtpunkte[[#This Row],[Matr.-Nr.]],'4. Noteneintrag'!$C$11:$C$1048576,0)),ISNUMBER(Gesamtpunkte[[#This Row],[Matr.-Nr.]])),"NEIN","JA") -> JA
A34: ='2a.Detailpunkte'!D32 -> #N/A | B34: ='2a.Detailpunkte'!#REF! -> #REF! | C34: ='2a.Detailpunkte'!#REF! -> #REF! | D34: =INDEX('3. Notenszenarien'!$I$6:$I$350,MATCH(Gesamtpunkte[[#This Row],[Matr.-Nr.]],'3. Notenszenarien'!$A$6:$A$1048576,0)) -> #N/A | E34: =ROUNDUP(INDEX('2a.Detailpunkte'!$A$4:$A$352,MATCH('2. Punkte_Prüfung'!A34,'2a.Detailpunkte'!$D$4:$D$352,0),1)/5,1)*5 -> #N/A | F34: =Gesamtpunkte[[#This Row],[Gesamtpunkte ]]/$E$4 -> #N/A | G34: =INDEX('2a.Detailpunkte'!$B$4:$B$352,MATCH('2. Punkte_Prüfung'!A34,'2a.Detailpunkte'!$D$4:$D$352,0),1) -> #N/A | H34: =INDEX('2a.Detailpunkte'!$C$4:$C$352,MATCH('2. Punkte_Prüfung'!A34,'2a.Detailpunkte'!$D$4:$D$352,0),1) -> #N/A | I34: =Gesamtpunkte[[#This Row],[Punkte F]]/$G$4 -> #N/A | J34: =Gesamtpunkte[[#This Row],[Punkte I]]/$H$4 -> #N/A | K34: =IF(AND(ISNA(MATCH(Gesamtpunkte[[#This Row],[Matr.-Nr.]],'4. Noteneintrag'!$C$11:$C$1048576,0)),ISNUMBER(Gesamtpunkte[[#This Row],[Matr.-Nr.]])),"NEIN","JA") -> JA
A35: ='2a.Detailpunkte'!D33 -> #N/A | B35: ='2a.Detailpunkte'!#REF! -> #REF! | C35: ='2a.Detailpunkte'!#REF! -> #REF! | D35: =INDEX('3. Notenszenarien'!$I$6:$I$350,MATCH(Gesamtpunkte[[#This Row],[Matr.-Nr.]],'3. Notenszenarien'!$A$6:$A$1048576,0)) -> #N/A | E35: =ROUNDUP(INDEX('2a.Detailpunkte'!$A$4:$A$352,MATCH('2. Punkte_Prüfung'!A35,'2a.Detailpunkte'!$D$4:$D$352,0),1)/5,1)*5 -> #N/A | F35: =Gesamtpunkte[[#This Row],[Gesamtpunkte ]]/$E$4 -> #N/A | G35: =INDEX('2a.Detailpunkte'!$B$4:$B$352,MATCH('2. Punkte_Prüfung'!A35,'2a.Detailpunkte'!$D$4:$D$352,0),1) -> #N/A | H35: =INDEX('2a.Detailpunkte'!$C$4:$C$352,MATCH('2. Punkte_Prüfung'!A35,'2a.Detailpunkte'!$D$4:$D$352,0),1) -> #N/A | I35: =Gesamtpunkte[[#This Row],[Punkte F]]/$G$4 -> #N/A | J35: =Gesamtpunkte[[#This Row],[Punkte I]]/$H$4 -> #N/A | K35: =IF(AND(ISNA(MATCH(Gesamtpunkte[[#This Row],[Matr.-Nr.]],'4. Noteneintrag'!$C$11:$C$1048576,0)),ISNUMBER(Gesamtpunkte[[#This Row],[Matr.-Nr.]])),"NEIN","JA") -> JA
A36: ='2a.Detailpunkte'!D34 -> #N/A | B36: ='2a.Detailpunkte'!#REF! -> #REF! | C36: ='2a.Detailpunkte'!#REF! -> #REF! | D36: =INDEX('3. Notenszenarien'!$I$6:$I$350,MATCH(Gesamtpunkte[[#This Row],[Matr.-Nr.]],'3. Notenszenarien'!$A$6:$A$1048576,0)) -> #N/A | E36: =ROUNDUP(INDEX('2a.Detailpunkte'!$A$4:$A$352,MATCH('2. Punkte_Prüfung'!A36,'2a.Detailpunkte'!$D$4:$D$352,0),1)/5,1)*5 -> #N/A | F36: =Gesamtpunkte[[#This Row],[Gesamtpunkte ]]/$E$4 -> #N/A | G36: =INDEX('2a.Detailpunkte'!$B$4:$B$352,MATCH('2. Punkte_Prüfung'!A36,'2a.Detailpunkte'!$D$4:$D$352,0),1) -> #N/A | H36: =INDEX('2a.Detailpunkte'!$C$4:$C$352,MATCH('2. Punkte_Prüfung'!A36,'2a.Detailpunkte'!$D$4:$D$352,0),1) -> #N/A | I36: =Gesamtpunkte[[#This Row],[Punkte F]]/$G$4 -> #N/A | J36: =Gesamtpunkte[[#This Row],[Punkte I]]/$H$4 -> #N/A | K36: =IF(AND(ISNA(MATCH(Gesamtpunkte[[#This Row],[Matr.-Nr.]],'4. Noteneintrag'!$C$11:$C$1048576,0)),ISNUMBER(Gesamtpunkte[[#This Row],[Matr.-Nr.]])),"NEIN","JA") -> JA
A37: ='2a.Detailpunkte'!D35 -> #N/A | B37: ='2a.Detailpunkte'!#REF! -> #REF! | C37: ='2a.Detailpunkte'!#REF! -> #REF! | D37: =INDEX('3. Notenszenarien'!$I$6:$I$350,MATCH(Gesamtpunkte[[#This Row],[Matr.-Nr.]],'3. Notenszenarien'!$A$6:$A$1048576,0)) -> #N/A | E37: =ROUNDUP(INDEX('2a.Detailpunkte'!$A$4:$A$352,MATCH('2. Punkte_Prüfung'!A37,'2a.Detailpunkte'!$D$4:$D$352,0),1)/5,1)*5 -> #N/A | F37: =Gesamtpunkte[[#This Row],[Gesamtpunkte ]]/$E$4 -> #N/A | G37: =INDEX('2a.Detailpunkte'!$B$4:$B$352,MATCH('2. Punkte_Prüfung'!A37,'2a.Detailpunkte'!$D$4:$D$352,0),1) -> #N/A | H37: =INDEX('2a.Detailpunkte'!$C$4:$C$352,MATCH('2. Punkte_Prüfung'!A37,'2a.Detailpunkte'!$D$4:$D$352,0),1) -> #N/A | I37: =Gesamtpunkte[[#This Row],[Punkte F]]/$G$4 -> #N/A | J37: =Gesamtpunkte[[#This Row],[Punkte I]]/$H$4 -> #N/A | K37: =IF(AND(ISNA(MATCH(Gesamtpunkte[[#This Row],[Matr.-Nr.]],'4. Noteneintrag'!$C$11:$C$1048576,0)),ISNUMBER(Gesamtpunkte[[#This Row],[Matr.-Nr.]])),"NEIN","JA") -> JA
A38: ='2a.Detailpunkte'!D36 -> #N/A | B38: ='2a.Detailpunkte'!#REF! -> #REF! | C38: ='2a.Detailpunkte'!#REF! -> #REF! | D38: =INDEX('3. Notenszenarien'!$I$6:$I$350,MATCH(Gesamtpunkte[[#This Row],[Matr.-Nr.]],'3. Notenszenarien'!$A$6:$A$1048576,0)) -> #N/A | E38: =ROUNDUP(INDEX('2a.Detailpunkte'!$A$4:$A$352,MATCH('2. Punkte_Prüfung'!A38,'2a.Detailpunkte'!$D$4:$D$352,0),1)/5,1)*5 -> #N/A | F38: =Gesamtpunkte[[#This Row],[Gesamtpunkte ]]/$E$4 -> #N/A | G38: =INDEX('2a.Detailpunkte'!$B$4:$B$352,MATCH('2. Punkte_Prüfung'!A38,'2a.Detailpunkte'!$D$4:$D$352,0),1) -> #N/A | H38: =INDEX('2a.Detailpunkte'!$C$4:$C$352,MATCH('2. Punkte_Prüfung'!A38,'2a.Detailpunkte'!$D$4:$D$352,0),1) -> #N/A | I38: =Gesamtpunkte[[#This Row],[Punkte F]]/$G$4 -> #N/A | J38: =Gesamtpunkte[[#This Row],[Punkte I]]/$H$4 -> #N/A | K38: =IF(AND(ISNA(MATCH(Gesamtpunkte[[#This Row],[Matr.-Nr.]],'4. Noteneintrag'!$C$11:$C$1048576,0)),ISNUMBER(Gesamtpunkte[[#This Row],[Matr.-Nr.]])),"NEIN","JA") -> JA
A39: ='2a.Detailpunkte'!D37 -> #N/A | B39: ='2a.Detailpunkte'!#REF! -> #REF! | C39: ='2a.Detailpunkte'!#REF! -> #REF! | D39: =INDEX('3. Notenszenarien'!$I$6:$I$350,MATCH(Gesamtpunkte[[#This Row],[Matr.-Nr.]],'3. Notenszenarien'!$A$6:$A$1048576,0)) -> #N/A | E39: =ROUNDUP(INDEX('2a.Detailpunkte'!$A$4:$A$352,MATCH('2. Punkte_Prüfung'!A39,'2a.Detailpunkte'!$D$4:$D$352,0),1)/5,1)*5 -> #N/A | F39: =Gesamtpunkte[[#This Row],[Gesamtpunkte ]]/$E$4 -> #N/A | G39: =INDEX('2a.Detailpunkte'!$B$4:$B$352,MATCH('2. Punkte_Prüfung'!A39,'2a.Detailpunkte'!$D$4:$D$352,0),1) -> #N/A | H39: =INDEX('2a.Detailpunkte'!$C$4:$C$352,MATCH('2. Punkte_Prüfung'!A39,'2a.Detailpunkte'!$D$4:$D$352,0),1) -> #N/A | I39: =Gesamtpunkte[[#This Row],[Punkte F]]/$G$4 -> #N/A | J39: =Gesamtpunkte[[#This Row],[Punkte I]]/$H$4 -> #N/A | K39: =IF(AND(ISNA(MATCH(Gesamtpunkte[[#This Row],[Matr.-Nr.]],'4. Noteneintrag'!$C$11:$C$1048576,0)),ISNUMBER(Gesamtpunkte[[#This Row],[Matr.-Nr.]])),"NEIN","JA") -> JA
A40: ='2a.Detailpunkte'!D38 -> #N/A | B40: ='2a.Detailpunkte'!#REF! -> #REF! | C40: ='2a.Detailpunkte'!#REF! -> #REF! | D40: =INDEX('3. Notenszenarien'!$I$6:$I$350,MATCH(Gesamtpunkte[[#This Row],[Matr.-Nr.]],'3. Notenszenarien'!$A$6:$A$1048576,0)) -> #N/A | E40: =ROUNDUP(INDEX('2a.Detailpunkte'!$A$4:$A$352,MATCH('2. Punkte_Prüfung'!A40,'2a.Detailpunkte'!$D$4:$D$352,0),1)/5,1)*5 -> #N/A | F40: =Gesamtpunkte[[#This Row],[Gesamtpunkte ]]/$E$4 -> #N/A | G40: =INDEX('2a.Detailpunkte'!$B$4:$B$352,MATCH('2. Punkte_Prüfung'!A40,'2a.Detailpunkte'!$D$4:$D$352,0),1) -> #N/A | H40: =INDEX('2a.Detailpunkte'!$C$4:$C$352,MATCH('2. Punkte_Prüfung'!A40,'2a.Detailpunkte'!$D$4:$D$352,0),1) -> #N/A | I40: =Gesamtpunkte[[#This Row],[Punkte F]]/$G$4 -> #N/A | J40: =Gesamtpunkte[[#This Row],[Punkte I]]/$H$4 -> #N/A | K40: =IF(AND(ISNA(MATCH(Gesamtpunkte[[#This Row],[Matr.-Nr.]],'4. Noteneintrag'!$C$11:$C$1048576,0)),ISNUMBER(Gesamtpunkte[[#This Row],[Matr.-Nr.]])),"NEIN","JA") -> JA
A41: ='2a.Detailpunkte'!D39 -> #N/A | B41: ='2a.Detailpunkte'!#REF! -> #REF! | C41: ='2a.Detailpunkte'!#REF! -> #REF! | D41: =INDEX('3. Notenszenarien'!$I$6:$I$350,MATCH(Gesamtpunkte[[#This Row],[Matr.-Nr.]],'3. Notenszenarien'!$A$6:$A$1048576,0)) -> #N/A | E41: =ROUNDUP(INDEX('2a.Detailpunkte'!$A$4:$A$352,MATCH('2. Punkte_Prüfung'!A41,'2a.Detailpunkte'!$D$4:$D$352,0),1)/5,1)*5 -> #N/A | F41: =Gesamtpunkte[[#This Row],[Gesamtpunkte ]]/$E$4 -> #N/A | G41: =INDEX('2a.Detailpunkte'!$B$4:$B$352,MATCH('2. Punkte_Prüfung'!A41,'2a.Detailpunkte'!$D$4:$D$352,0),1) -> #N/A | H41: =INDEX('2a.Detailpunkte'!$C$4:$C$352,MATCH('2. Punkte_Prüfung'!A41,'2a.Detailpunkte'!$D$4:$D$352,0),1) -> #N/A | I41: =Gesamtpunkte[[#This Row],[Punkte F]]/$G$4 -> #N/A | J41: =Gesamtpunkte[[#This Row],[Punkte I]]/$H$4 -> #N/A | K41: =IF(AND(ISNA(MATCH(Gesamtpunkte[[#This Row],[Matr.-Nr.]],'4. Noteneintrag'!$C$11:$C$1048576,0)),ISNUMBER(Gesamtpunkte[[#This Row],[Matr.-Nr.]])),"NEIN","JA") -> JA
A42: ='2a.Detailpunkte'!D40 -> #N/A | B42: ='2a.Detailpunkte'!#REF! -> #REF! | C42: ='2a.Detailpunkte'!#REF! -> #REF! | D42: =INDEX('3. Notenszenarien'!$I$6:$I$350,MATCH(Gesamtpunkte[[#This Row],[Matr.-Nr.]],'3. Notenszenarien'!$A$6:$A$1048576,0)) -> #N/A | E42: =ROUNDUP(INDEX('2a.Detailpunkte'!$A$4:$A$352,MATCH('2. Punkte_Prüfung'!A42,'2a.Detailpunkte'!$D$4:$D$352,0),1)/5,1)*5 -> #N/A | F42: =Gesamtpunkte[[#This Row],[Gesamtpunkte ]]/$E$4 -> #N/A | G42: =INDEX('2a.Detailpunkte'!$B$4:$B$352,MATCH('2. Punkte_Prüfung'!A42,'2a.Detailpunkte'!$D$4:$D$352,0),1) -> #N/A | H42: =INDEX('2a.Detailpunkte'!$C$4:$C$352,MATCH('2. Punkte_Prüfung'!A42,'2a.Detailpunkte'!$D$4:$D$352,0),1) -> #N/A | I42: =Gesamtpunkte[[#This Row],[Punkte F]]/$G$4 -> #N/A | J42: =Gesamtpunkte[[#This Row],[Punkte I]]/$H$4 -> #N/A | K42: =IF(AND(ISNA(MATCH(Gesamtpunkte[[#This Row],[Matr.-Nr.]],'4. Noteneintrag'!$C$11:$C$1048576,0)),ISNUMBER(Gesamtpunkte[[#This Row],[Matr.-Nr.]])),"NEIN","JA") -> JA
A43: ='2a.Detailpunkte'!D41 -> #N/A | B43: ='2a.Detailpunkte'!#REF! -> #REF! | C43: ='2a.Detailpunkte'!#REF! -> #REF! | D43: =INDEX('3. Notenszenarien'!$I$6:$I$350,MATCH(Gesamtpunkte[[#This Row],[Matr.-Nr.]],'3. Notenszenarien'!$A$6:$A$1048576,0)) -> #N/A | E43: =ROUNDUP(INDEX('2a.Detailpunkte'!$A$4:$A$352,MATCH('2. Punkte_Prüfung'!A43,'2a.Detailpunkte'!$D$4:$D$352,0),1)/5,1)*5 -> #N/A | F43: =Gesamtpunkte[[#This Row],[Gesamtpunkte ]]/$E$4 -> #N/A | G43: =INDEX('2a.Detailpunkte'!$B$4:$B$352,MATCH('2. Punkte_Prüfung'!A43,'2a.Detailpunkte'!$D$4:$D$352,0),1) -> #N/A | H43: =INDEX('2a.Detailpunkte'!$C$4:$C$352,MATCH('2. Punkte_Prüfung'!A43,'2a.Detailpunkte'!$D$4:$D$352,0),1) -> #N/A | I43: =Gesamtpunkte[[#This Row],[Punkte F]]/$G$4 -> #N/A | J43: =Gesamtpunkte[[#This Row],[Punkte I]]/$H$4 -> #N/A | K43: =IF(AND(ISNA(MATCH(Gesamtpunkte[[#This Row],[Matr.-Nr.]],'4. Noteneintrag'!$C$11:$C$1048576,0)),ISNUMBER(Gesamtpunkte[[#This Row],[Matr.-Nr.]])),"NEIN","JA") -> JA
A44: ='2a.Detailpunkte'!D42 -> #N/A | B44: ='2a.Detailpunkte'!#REF! -> #REF! | C44: ='2a.Detailpunkte'!#REF! -> #REF! | D44: =INDEX('3. Notenszenarien'!$I$6:$I$350,MATCH(Gesamtpunkte[[#This Row],[Matr.-Nr.]],'3. Notenszenarien'!$A$6:$A$1048576,0)) -> #N/A | E44: =ROUNDUP(INDEX('2a.Detailpunkte'!$A$4:$A$352,MATCH('2. Punkte_Prüfung'!A44,'2a.Detailpunkte'!$D$4:$D$352,0),1)/5,1)*5 -> #N/A | F44: =Gesamtpunkte[[#This Row],[Gesamtpunkte ]]/$E$4 -> #N/A | G44: =INDEX('2a.Detailpunkte'!$B$4:$B$352,MATCH('2. Punkte_Prüfung'!A44,'2a.Detailpunkte'!$D$4:$D$352,0),1) -> #N/A | H44: =INDEX('2a.Detailpunkte'!$C$4:$C$352,MATCH('2. Punkte_Prüfung'!A44,'2a.Detailpunkte'!$D$4:$D$352,0),1) -> #N/A | I44: =Gesamtpunkte[[#This Row],[Punkte F]]/$G$4 -> #N/A | J44: =Gesamtpunkte[[#This Row],[Punkte I]]/$H$4 -> #N/A | K44: =IF(AND(ISNA(MATCH(Gesamtpunkte[[#This Row],[Matr.-Nr.]],'4. Noteneintrag'!$C$11:$C$1048576,0)),ISNUMBER(Gesamtpunkte[[#This Row],[Matr.-Nr.]])),"NEIN","JA") -> JA
... A106: ='2a.Detailpunkte'!D104 -> #N/A | B106: ='2a.Detailpunkte'!#REF! -> #REF! | C106: ='2a.Detailpunkte'!#REF! -> #REF! | D106: =INDEX('3. Notenszenarien'!$I$6:$I$350,MATCH(Gesamtpunkte[[#This Row],[Matr.-Nr.]],'3. Notenszenarien'!$A$6:$A$1048576,0)) -> #N/A | E106: =ROUNDUP(INDEX('2a.Detailpunkte'!$A$4:$A$352,MATCH('2. Punkte_Prüfung'!A106,'2a.Detailpunkte'!$D$4:$D$352,0),1)/5,1)*5 -> #N/A | F106: =Gesamtpunkte[[#This Row],[Gesamtpunkte ]]/$E$4 -> #N/A | G106: =INDEX('2a.Detailpunkte'!$B$4:$B$352,MATCH('2. Punkte_Prüfung'!A106,'2a.Detailpunkte'!$D$4:$D$352,0),1) -> #N/A | H106: =INDEX('2a.Detailpunkte'!$C$4:$C$352,MATCH('2. Punkte_Prüfung'!A106,'2a.Detailpunkte'!$D$4:$D$352,0),1) -> #N/A | I106: =Gesamtpunkte[[#This Row],[Punkte F]]/$G$4 -> #N/A | J106: =Gesamtpunkte[[#This Row],[Punkte I]]/$H$4 -> #N/A | K106: =IF(AND(ISNA(MATCH(Gesamtpunkte[[#This Row],[Matr.-Nr.]],'4. Noteneintrag'!$C$11:$C$1048576,0)),ISNUMBER(Gesamtpunkte[[#This Row],[Matr.-Nr.]])),"NEIN","JA") -> JA
A107: ='2a.Detailpunkte'!D105 -> #N/A | B107: ='2a.Detailpunkte'!E31 -> Stud24 | C107: ='2a.Detailpunkte'!F31 -> Pseudo | D107: =INDEX('3. Notenszenarien'!$I$6:$I$350,MATCH(Gesamtpunkte[[#This Row],[Matr.-Nr.]],'3. Notenszenarien'!$A$6:$A$1048576,0)) -> #N/A | E107: =ROUNDUP(INDEX('2a.Detailpunkte'!$A$4:$A$352,MATCH('2. Punkte_Prüfung'!A107,'2a.Detailpunkte'!$D$4:$D$352,0),1)/5,1)*5 -> #N/A | F107: =Gesamtpunkte[[#This Row],[Gesamtpunkte ]]/$E$4 -> #N/A | G107: =INDEX('2a.Detailpunkte'!$B$4:$B$352,MATCH('2. Punkte_Prüfung'!A107,'2a.Detailpunkte'!$D$4:$D$352,0),1) -> #N/A | H107: =INDEX('2a.Detailpunkte'!$C$4:$C$352,MATCH('2. Punkte_Prüfung'!A107,'2a.Detailpunkte'!$D$4:$D$352,0),1) -> #N/A | I107: =Gesamtpunkte[[#This Row],[Punkte F]]/$G$4 -> #N/A | J107: =Gesamtpunkte[[#This Row],[Punkte I]]/$H$4 -> #N/A | K107: =IF(AND(ISNA(MATCH(Gesamtpunkte[[#This Row],[Matr.-Nr.]],'4. Noteneintrag'!$C$11:$C$1048576,0)),ISNUMBER(Gesamtpunkte[[#This Row],[Matr.-Nr.]])),"NEIN","JA") -> JA
A108: ='2a.Detailpunkte'!D106 -> #N/A | B108: ='2a.Detailpunkte'!E32 -> 0 | C108: ='2a.Detailpunkte'!F32 -> 0 | D108: =INDEX('3. Notenszenarien'!$I$6:$I$350,MATCH(Gesamtpunkte[[#This Row],[Matr.-Nr.]],'3. Notenszenarien'!$A$6:$A$1048576,0)) -> #N/A | E108: =ROUNDUP(INDEX('2a.Detailpunkte'!$A$4:$A$352,MATCH('2. Punkte_Prüfung'!A108,'2a.Detailpunkte'!$D$4:$D$352,0),1)/5,1)*5 -> #N/A | F108: =Gesamtpunkte[[#This Row],[Gesamtpunkte ]]/$E$4 -> #N/A | G108: =INDEX('2a.Detailpunkte'!$B$4:$B$352,MATCH('2. Punkte_Prüfung'!A108,'2a.Detailpunkte'!$D$4:$D$352,0),1) -> #N/A | H108: =INDEX('2a.Detailpunkte'!$C$4:$C$352,MATCH('2. Punkte_Prüfung'!A108,'2a.Detailpunkte'!$D$4:$D$352,0),1) -> #N/A | I108: =Gesamtpunkte[[#This Row],[Punkte F]]/$G$4 -> #N/A | J108: =Gesamtpunkte[[#This Row],[Punkte I]]/$H$4 -> #N/A | K108: =IF(AND(ISNA(MATCH(Gesamtpunkte[[#This Row],[Matr.-Nr.]],'4. Noteneintrag'!$C$11:$C$1048576,0)),ISNUMBER(Gesamtpunkte[[#This Row],[Matr.-Nr.]])),"NEIN","JA") -> JA
A109: ='2a.Detailpunkte'!D107 -> #N/A | B109: ='2a.Detailpunkte'!E33 -> 0 | C109: ='2a.Detailpunkte'!F33 -> 0 | D109: =INDEX('3. Notenszenarien'!$I$6:$I$350,MATCH(Gesamtpunkte[[#This Row],[Matr.-Nr.]],'3. Notenszenarien'!$A$6:$A$1048576,0)) -> #N/A | E109: =ROUNDUP(INDEX('2a.Detailpunkte'!$A$4:$A$352,MATCH('2. Punkte_Prüfung'!A109,'2a.Detailpunkte'!$D$4:$D$352,0),1)/5,1)*5 -> #N/A | F109: =Gesamtpunkte[[#This Row],[Gesamtpunkte ]]/$E$4 -> #N/A | G109: =INDEX('2a.Detailpunkte'!$B$4:$B$352,MATCH('2. Punkte_Prüfung'!A109,'2a.Detailpunkte'!$D$4:$D$352,0),1) -> #N/A | H109: =INDEX('2a.Detailpunkte'!$C$4:$C$352,MATCH('2. Punkte_Prüfung'!A109,'2a.Detailpunkte'!$D$4:$D$352,0),1) -> #N/A | I109: =Gesamtpunkte[[#This Row],[Punkte F]]/$G$4 -> #N/A | J109: =Gesamtpunkte[[#This Row],[Punkte I]]/$H$4 -> #N/A | K109: =IF(AND(ISNA(MATCH(Gesamtpunkte[[#This Row],[Matr.-Nr.]],'4. Noteneintrag'!$C$11:$C$1048576,0)),ISNUMBER(Gesamtpunkte[[#This Row],[Matr.-Nr.]])),"NEIN","JA") -> JA
A110: ='2a.Detailpunkte'!D108 -> #N/A | B110: ='2a.Detailpunkte'!E34 -> 0 | C110: ='2a.Detailpunkte'!F34 -> 0 | D110: =INDEX('3. Notenszenarien'!$I$6:$I$350,MATCH(Gesamtpunkte[[#This Row],[Matr.-Nr.]],'3. Notenszenarien'!$A$6:$A$1048576,0)) -> #N/A | E110: =ROUNDUP(INDEX('2a.Detailpunkte'!$A$4:$A$352,MATCH('2. Punkte_Prüfung'!A110,'2a.Detailpunkte'!$D$4:$D$352,0),1)/5,1)*5 -> #N/A | F110: =Gesamtpunkte[[#This Row],[Gesamtpunkte ]]/$E$4 -> #N/A | G110: =INDEX('2a.Detailpunkte'!$B$4:$B$352,MATCH('2. Punkte_Prüfung'!A110,'2a.Detailpunkte'!$D$4:$D$352,0),1) -> #N/A | H110: =INDEX('2a.Detailpunkte'!$C$4:$C$352,MATCH('2. Punkte_Prüfung'!A110,'2a.Detailpunkte'!$D$4:$D$352,0),1) -> #N/A | I110: =Gesamtpunkte[[#This Row],[Punkte F]]/$G$4 -> #N/A | J110: =Gesamtpunkte[[#This Row],[Punkte I]]/$H$4 -> #N/A | K110: =IF(AND(ISNA(MATCH(Gesamtpunkte[[#This Row],[Matr.-Nr.]],'4. Noteneintrag'!$C$11:$C$1048576,0)),ISNUMBER(Gesamtpunkte[[#This Row],[Matr.-Nr.]])),"NEIN","JA") -> JA
A111: ='2a.Detailpunkte'!D109 -> #N/A | B111: ='2a.Detailpunkte'!E35 -> 0 | C111: ='2a.Detailpunkte'!F35 -> 0 | D111: =INDEX('3. Notenszenarien'!$I$6:$I$350,MATCH(Gesamtpunkte[[#This Row],[Matr.-Nr.]],'3. Notenszenarien'!$A$6:$A$1048576,0)) -> #N/A | E111: =ROUNDUP(INDEX('2a.Detailpunkte'!$A$4:$A$352,MATCH('2. Punkte_Prüfung'!A111,'2a.Detailpunkte'!$D$4:$D$352,0),1)/5,1)*5 -> #N/A | F111: =Gesamtpunkte[[#This Row],[Gesamtpunkte ]]/$E$4 -> #N/A | G111: =INDEX('2a.Detailpunkte'!$B$4:$B$352,MATCH('2. Punkte_Prüfung'!A111,'2a.Detailpunkte'!$D$4:$D$352,0),1) -> #N/A | H111: =INDEX('2a.Detailpunkte'!$C$4:$C$352,MATCH('2. Punkte_Prüfung'!A111,'2a.Detailpunkte'!$D$4:$D$352,0),1) -> #N/A | I111: =Gesamtpunkte[[#This Row],[Punkte F]]/$G$4 -> #N/A | J111: =Gesamtpunkte[[#This Row],[Punkte I]]/$H$4 -> #N/A | K111: =IF(AND(ISNA(MATCH(Gesamtpunkte[[#This Row],[Matr.-Nr.]],'4. Noteneintrag'!$C$11:$C$1048576,0)),ISNUMBER(Gesamtpunkte[[#This Row],[Matr.-Nr.]])),"NEIN","JA") -> JA
A112: ='2a.Detailpunkte'!D110 -> #N/A | B112: ='2a.Detailpunkte'!E36 -> 0 | C112: ='2a.Detailpunkte'!F36 -> 0 | D112: =INDEX('3. Notenszenarien'!$I$6:$I$350,MATCH(Gesamtpunkte[[#This Row],[Matr.-Nr.]],'3. Notenszenarien'!$A$6:$A$1048576,0)) -> #N/A | E112: =ROUNDUP(INDEX('2a.Detailpunkte'!$A$4:$A$352,MATCH('2. Punkte_Prüfung'!A112,'2a.Detailpunkte'!$D$4:$D$352,0),1)/5,1)*5 -> #N/A | F112: =Gesamtpunkte[[#This Row],[Gesamtpunkte ]]/$E$4 -> #N/A | G112: =INDEX('2a.Detailpunkte'!$B$4:$B$352,MATCH('2. Punkte_Prüfung'!A112,'2a.Detailpunkte'!$D$4:$D$352,0),1) -> #N/A | H112: =INDEX('2a.Detailpunkte'!$C$4:$C$352,MATCH('2. Punkte_Prüfung'!A112,'2a.Detailpunkte'!$D$4:$D$352,0),1) -> #N/A | I112: =Gesamtpunkte[[#This Row],[Punkte F]]/$G$4 -> #N/A | J112: =Gesamtpunkte[[#This Row],[Punkte I]]/$H$4 -> #N/A | K112: =IF(AND(ISNA(MATCH(Gesamtpunkte[[#This Row],[Matr.-Nr.]],'4. Noteneintrag'!$C$11:$C$1048576,0)),ISNUMBER(Gesamtpunkte[[#This Row],[Matr.-Nr.]])),"NEIN","JA") -> JA
A113: ='2a.Detailpunkte'!D111 -> #N/A | B113: ='2a.Detailpunkte'!E37 -> 0 | C113: ='2a.Detailpunkte'!F37 -> 0 | D113: =INDEX('3. Notenszenarien'!$I$6:$I$350,MATCH(Gesamtpunkte[[#This Row],[Matr.-Nr.]],'3. Notenszenarien'!$A$6:$A$1048576,0)) -> #N/A | E113: =ROUNDUP(INDEX('2a.Detailpunkte'!$A$4:$A$352,MATCH('2. Punkte_Prüfung'!A113,'2a.Detailpunkte'!$D$4:$D$352,0),1)/5,1)*5 -> #N/A | F113: =Gesamtpunkte[[#This Row],[Gesamtpunkte ]]/$E$4 -> #N/A | G113: =INDEX('2a.Detailpunkte'!$B$4:$B$352,MATCH('2. Punkte_Prüfung'!A113,'2a.Detailpunkte'!$D$4:$D$352,0),1) -> #N/A | H113: =INDEX('2a.Detailpunkte'!$C$4:$C$352,MATCH('2. Punkte_Prüfung'!A113,'2a.Detailpunkte'!$D$4:$D$352,0),1) -> #N/A | I113: =Gesamtpunkte[[#This Row],[Punkte F]]/$G$4 -> #N/A | J113: =Gesamtpunkte[[#This Row],[Punkte I]]/$H$4 -> #N/A | K113: =IF(AND(ISNA(MATCH(Gesamtpunkte[[#This Row],[Matr.-Nr.]],'4. Noteneintrag'!$C$11:$C$1048576,0)),ISNUMBER(Gesamtpunkte[[#This Row],[Matr.-Nr.]])),"NEIN","JA") -> JA
A114: ='2a.Detailpunkte'!D112 -> #N/A | B114: ='2a.Detailpunkte'!E38 -> 0 | C114: ='2a.Detailpunkte'!F38 -> 0 | D114: =INDEX('3. Notenszenarien'!$I$6:$I$350,MATCH(Gesamtpunkte[[#This Row],[Matr.-Nr.]],'3. Notenszenarien'!$A$6:$A$1048576,0)) -> #N/A | E114: =ROUNDUP(INDEX('2a.Detailpunkte'!$A$4:$A$352,MATCH('2. Punkte_Prüfung'!A114,'2a.Detailpunkte'!$D$4:$D$352,0),1)/5,1)*5 -> #N/A | F114: =Gesamtpunkte[[#This Row],[Gesamtpunkte ]]/$E$4 -> #N/A | G114: =INDEX('2a.Detailpunkte'!$B$4:$B$352,MATCH('2. Punkte_Prüfung'!A114,'2a.Detailpunkte'!$D$4:$D$352,0),1) -> #N/A | H114: =INDEX('2a.Detailpunkte'!$C$4:$C$352,MATCH('2. Punkte_Prüfung'!A114,'2a.Detailpunkte'!$D$4:$D$352,0),1) -> #N/A | I114: =Gesamtpunkte[[#This Row],[Punkte F]]/$G$4 -> #N/A | J114: =Gesamtpunkte[[#This Row],[Punkte I]]/$H$4 -> #N/A | K114: =IF(AND(ISNA(MATCH(Gesamtpunkte[[#This Row],[Matr.-Nr.]],'4. Noteneintrag'!$C$11:$C$1048576,0)),ISNUMBER(Gesamtpunkte[[#This Row],[Matr.-Nr.]])),"NEIN","JA") -> JA
A115: ='2a.Detailpunkte'!D113 -> #N/A | B115: ='2a.Detailpunkte'!E39 -> 0 | C115: ='2a.Detailpunkte'!F39 -> 0 | D115: =INDEX('3. Notenszenarien'!$I$6:$I$350,MATCH(Gesamtpunkte[[#This Row],[Matr.-Nr.]],'3. Notenszenarien'!$A$6:$A$1048576,0)) -> #N/A | E115: =ROUNDUP(INDEX('2a.Detailpunkte'!$A$4:$A$352,MATCH('2. Punkte_Prüfung'!A115,'2a.Detailpunkte'!$D$4:$D$352,0),1)/5,1)*5 -> #N/A | F115: =Gesamtpunkte[[#This Row],[Gesamtpunkte ]]/$E$4 -> #N/A | G115: =INDEX('2a.Detailpunkte'!$B$4:$B$352,MATCH('2. Punkte_Prüfung'!A115,'2a.Detailpunkte'!$D$4:$D$352,0),1) -> #N/A | H115: =INDEX('2a.Detailpunkte'!$C$4:$C$352,MATCH('2. Punkte_Prüfung'!A115,'2a.Detailpunkte'!$D$4:$D$352,0),1) -> #N/A | I115: =Gesamtpunkte[[#This Row],[Punkte F]]/$G$4 -> #N/A | J115: =Gesamtpunkte[[#This Row],[Punkte I]]/$H$4 -> #N/A | K115: =IF(AND(ISNA(MATCH(Gesamtpunkte[[#This Row],[Matr.-Nr.]],'4. Noteneintrag'!$C$11:$C$1048576,0)),ISNUMBER(Gesamtpunkte[[#This Row],[Matr.-Nr.]])),"NEIN","JA") -> JA
A116: ='2a.Detailpunkte'!D114 -> #N/A | B116: ='2a.Detailpunkte'!E40 -> 0 | C116: ='2a.Detailpunkte'!F40 -> 0 | D116: =INDEX('3. Notenszenarien'!$I$6:$I$350,MATCH(Gesamtpunkte[[#This Row],[Matr.-Nr.]],'3. Notenszenarien'!$A$6:$A$1048576,0)) -> #N/A | E116: =ROUNDUP(INDEX('2a.Detailpunkte'!$A$4:$A$352,MATCH('2. Punkte_Prüfung'!A116,'2a.Detailpunkte'!$D$4:$D$352,0),1)/5,1)*5 -> #N/A | F116: =Gesamtpunkte[[#This Row],[Gesamtpunkte ]]/$E$4 -> #N/A | G116: =INDEX('2a.Detailpunkte'!$B$4:$B$352,MATCH('2. Punkte_Prüfung'!A116,'2a.Detailpunkte'!$D$4:$D$352,0),1) -> #N/A | H116: =INDEX('2a.Detailpunkte'!$C$4:$C$352,MATCH('2. Punkte_Prüfung'!A116,'2a.Detailpunkte'!$D$4:$D$352,0),1) -> #N/A | I116: =Gesamtpunkte[[#This Row],[Punkte F]]/$G$4 -> #N/A | J116: =Gesamtpunkte[[#This Row],[Punkte I]]/$H$4 -> #N/A | K116: =IF(AND(ISNA(MATCH(Gesamtpunkte[[#This Row],[Matr.-Nr.]],'4. Noteneintrag'!$C$11:$C$1048576,0)),ISNUMBER(Gesamtpunkte[[#This Row],[Matr.-Nr.]])),"NEIN","JA") -> JA
A117: ='2a.Detailpunkte'!D115 -> #N/A | B117: ='2a.Detailpunkte'!E41 -> 0 | C117: ='2a.Detailpunkte'!F41 -> 0 | D117: =INDEX('3. Notenszenarien'!$I$6:$I$350,MATCH(Gesamtpunkte[[#This Row],[Matr.-Nr.]],'3. Notenszenarien'!$A$6:$A$1048576,0)) -> #N/A | E117: =ROUNDUP(INDEX('2a.Detailpunkte'!$A$4:$A$352,MATCH('2. Punkte_Prüfung'!A117,'2a.Detailpunkte'!$D$4:$D$352,0),1)/5,1)*5 -> #N/A | F117: =Gesamtpunkte[[#This Row],[Gesamtpunkte ]]/$E$4 -> #N/A | G117: =INDEX('2a.Detailpunkte'!$B$4:$B$352,MATCH('2. Punkte_Prüfung'!A117,'2a.Detailpunkte'!$D$4:$D$352,0),1) -> #N/A | H117: =INDEX('2a.Detailpunkte'!$C$4:$C$352,MATCH('2. Punkte_Prüfung'!A117,'2a.Detailpunkte'!$D$4:$D$352,0),1) -> #N/A | I117: =Gesamtpunkte[[#This Row],[Punkte F]]/$G$4 -> #N/A | J117: =Gesamtpunkte[[#This Row],[Punkte I]]/$H$4 -> #N/A | K117: =IF(AND(ISNA(MATCH(Gesamtpunkte[[#This Row],[Matr.-Nr.]],'4. Noteneintrag'!$C$11:$C$1048576,0)),ISNUMBER(Gesamtpunkte[[#This Row],[Matr.-Nr.]])),"NEIN","JA") -> JA
A118: ='2a.Detailpunkte'!D116 -> #N/A | B118: ='2a.Detailpunkte'!E42 -> 0 | C118: ='2a.Detailpunkte'!F42 -> 0 | D118: =INDEX('3. Notenszenarien'!$I$6:$I$350,MATCH(Gesamtpunkte[[#This Row],[Matr.-Nr.]],'3. Notenszenarien'!$A$6:$A$1048576,0)) -> #N/A | E118: =ROUNDUP(INDEX('2a.Detailpunkte'!$A$4:$A$352,MATCH('2. Punkte_Prüfung'!A118,'2a.Detailpunkte'!$D$4:$D$352,0),1)/5,1)*5 -> #N/A | F118: =Gesamtpunkte[[#This Row],[Gesamtpunkte ]]/$E$4 -> #N/A | G118: =INDEX('2a.Detailpunkte'!$B$4:$B$352,MATCH('2. Punkte_Prüfung'!A118,'2a.Detailpunkte'!$D$4:$D$352,0),1) -> #N/A | H118: =INDEX('2a.Detailpunkte'!$C$4:$C$352,MATCH('2. Punkte_Prüfung'!A118,'2a.Detailpunkte'!$D$4:$D$352,0),1) -> #N/A | I118: =Gesamtpunkte[[#This Row],[Punkte F]]/$G$4 -> #N/A | J118: =Gesamtpunkte[[#This Row],[Punkte I]]/$H$4 -> #N/A | K118: =IF(AND(ISNA(MATCH(Gesamtpunkte[[#This Row],[Matr.-Nr.]],'4. Noteneintrag'!$C$11:$C$1048576,0)),ISNUMBER(Gesamtpunkte[[#This Row],[Matr.-Nr.]])),"NEIN","JA") -> JA
... A255: ='2a.Detailpunkte'!D253 -> #N/A | B255: ='2a.Detailpunkte'!E179 -> 0 | C255: ='2a.Detailpunkte'!F179 -> 0 | D255: =INDEX('3. Notenszenarien'!$I$6:$I$350,MATCH(Gesamtpunkte[[#This Row],[Matr.-Nr.]],'3. Notenszenarien'!$A$6:$A$1048576,0)) -> #N/A | E255: =ROUNDUP(INDEX('2a.Detailpunkte'!$A$4:$A$352,MATCH('2. Punkte_Prüfung'!A255,'2a.Detailpunkte'!$D$4:$D$352,0),1)/5,1)*5 -> #N/A | F255: =Gesamtpunkte[[#This Row],[Gesamtpunkte ]]/$E$4 -> #N/A | G255: =INDEX('2a.Detailpunkte'!$B$4:$B$352,MATCH('2. Punkte_Prüfung'!A255,'2a.Detailpunkte'!$D$4:$D$352,0),1) -> #N/A | H255: =INDEX('2a.Detailpunkte'!$C$4:$C$352,MATCH('2. Punkte_Prüfung'!A255,'2a.Detailpunkte'!$D$4:$D$352,0),1) -> #N/A | I255: =Gesamtpunkte[[#This Row],[Punkte F]]/$G$4 -> #N/A | J255: =Gesamtpunkte[[#This Row],[Punkte I]]/$H$4 -> #N/A | K255: =IF(AND(ISNA(MATCH(Gesamtpunkte[[#This Row],[Matr.-Nr.]],'4. Noteneintrag'!$C$11:$C$1048576,0)),ISNUMBER(Gesamtpunkte[[#This Row],[Matr.-Nr.]])),"NEIN","JA") -> JA

Sheet 2a.Detailpunkte
A1: Alle mit Testversuchen | D1: Anzahl | M1: Aufgabe # | N1: =IF(ISBLANK(#REF!),"",1) -> 1 | Y1: 2 | Z1: =MID(#REF!,3,SEARCH("/",#REF!)-4) -> #REF! | AA1: =MID(#REF!,3,SEARCH("/",#REF!)-4) -> #REF! | AB1: =MID(#REF!,3,SEARCH("/",#REF!)-4) -> #REF! | AQ1: =MID(#REF!,3,SEARCH("/",#REF!)-4) -> #REF! | AR1: =MID(#REF!,3,SEARCH("/",#REF!)-4) -> #REF! | AS1: =MID(#REF!,3,SEARCH("/",#REF!)-4) -> #REF! | AT1: =MID(#REF!,3,SEARCH("/",#REF!)-4) -> #REF! | AU1: =MID(#REF!,3,SEARCH("/",#REF!)-4) -> #REF! | AV1: =MID(#REF!,3,SEARCH("/",#REF!)-4) -> #REF! | AW1: =MID(#REF!,3,SEARCH("/",#REF!)-4) -> #REF! | AX1: =MID(#REF!,3,SEARCH("/",#REF!)-4) -> #REF! | ... BG1: =MID(#REF!,3,SEARCH("/",#REF!)-4) -> #REF!
D2: =COUNT(D4:D352) -> 28 | M2: Teilgebiet | N2: FRM | O2: FRM | P2: FRM | Q2: FRM | R2: FRM | S2: FRM | T2: FRM | U2: FRM | V2: FRM | W2: FRM | X2: FRM | Y2: F | Z2: F | AA2: F | AB2: F | AC2: F | AD2: F | AE2: F | AF2: F | AG2: F | AH2: F | AI2: F | AJ2: I | AK2: I | AL2: I | AM2: I | AN2: I | AO2: I | AP2: I | AQ2: F | AR2: F | AS2: F | AT2: F | AU2: F | AV2: F | AW2: F | AX2: F | AY2: F | AZ2: I | BA2: I | BB2: I | BC2: I | BD2: I | BE2: I
A3: Gesamtpunkte | B3: ="Punkte "&'0. Definitionen'!$B$7 -> Punkte FRM | C3: ="Punkte "&'0. Definitionen'!$B$11 -> Punkte I | D3: Matr.-Nr. | E3: Nachname | F3: Vorname | G3: E-Mail-Adresse | H3: Status | I3: Begonnen am | J3: Beendet | K3: Verbrauchte Zeit | L3: Bewertung/90,00 | M3: F 1 /0,00 | N3: F 2 /5,00 | O3: F 3 /10,00 | P3: F 4 /8,00 | Q3: F 5 /10,00 | R3: F 6 /10,00 | S3: F 7 /10,00 | T3: F 8 /6,00 | U3: F 9 /3,00 | V3: F 10 /7,00 | W3: F 11 /11,00 | X3: F 12 /10,00
A4: =THE_Detailpunkte[[#This Row],[Bewertung/90,00]] -> 70.33 | B4: =SUMIFS(THE_Detailpunkte[#This Row],$E$2:$X$2,'0. Definitionen'!$B$7) -> 70.33 | C4: 0 | D4: =INDEX('1. Antritt_Prüfung'!$A$5:$H$256,MATCH(G4,'1. Antritt_Prüfung'!$C$5:$C$182,0),7) -> 3376139 | E4: Stud14 | F4: Pseudo | G4: stud14@example.local | H4: Beendet | I4: 45860.354 | J4: 45860.423 | K4: 1 Stunde 39 Minuten | L4: 70.33 | N4: 3.33 | O4: 10 | P4: 8 | Q4: 8 | R4: 8 | S4: 10 | T4: 3 | U4: 0 | V4: 7 | W4: 8 | X4: 5
A5: =THE_Detailpunkte[[#This Row],[Bewertung/90,00]] -> 68 | B5: =SUMIFS(THE_Detailpunkte[#This Row],$E$2:$X$2,'0. Definitionen'!$B$7) -> 68 | C5: 0 | D5: =INDEX('1. Antritt_Prüfung'!$A$5:$H$256,MATCH(G5,'1. Antritt_Prüfung'!$C$5:$C$182,0),7) -> 3517558 | E5: Stud29 | F5: Pseudo | G5: stud29@example.local | H5: Beendet | I5: 45860.354 | J5: 45860.423 | K5: 1 Stunde 39 Minuten | L5: 68 | N5: 5 | O5: 10 | P5: 3 | Q5: 8 | R5: 10 | S5: 10 | T5: 3 | U5: 2 | V5: 1 | W5: 9 | X5: 7
A6: =THE_Detailpunkte[[#This Row],[Bewertung/90,00]] -> 71.33 | B6: =SUMIFS(THE_Detailpunkte[#This Row],$E$2:$X$2,'0. Definitionen'!$B$7) -> 71.83 | C6: 0 | D6: =INDEX('1. Antritt_Prüfung'!$A$5:$H$256,MATCH(G6,'1. Antritt_Prüfung'!$C$5:$C$182,0),7) -> 3374601 | E6: Stud13 | F6: Pseudo | G6: stud13@example.local | H6: Beendet | I6: 45860.354 | J6: 45860.423 | K6: 1 Stunde 39 Minuten | L6: 71.33 | N6: 3.33 | O6: 10 | P6: 8 | Q6: 8 | R6: 8.5 | S6: 10 | T6: 3 | U6: 2 | V6: 7 | W6: 5 | X6: 7
A7: =THE_Detailpunkte[[#This Row],[Bewertung/90,00]] -> 78.83 | B7: =SUMIFS(THE_Detailpunkte[#This Row],$E$2:$X$2,'0. Definitionen'!$B$7) -> 78.83 | C7: 0 | D7: =INDEX('1. Antritt_Prüfung'!$A$5:$H$256,MATCH(G7,'1. Antritt_Prüfung'!$C$5:$C$182,0),7) -> 3516593 | E7: Stud28 | F7: Pseudo | G7: stud28@example.local | H7: Beendet | I7: 45860.354 | J7: 45860.424 | K7: 1 Stunde 40 Minuten | L7: 78.83 | N7: 3.33 | O7: 10 | P7: 8 | Q7: 9 | R7: 8 | S7: 8 | T7: 6 | U7: 2 | V7: 7 | W7: 11 | X7: 6.5
A8: =THE_Detailpunkte[[#This Row],[Bewertung/90,00]] -> 74.33 | B8: =SUMIFS(THE_Detailpunkte[#This Row],$E$2:$X$2,'0. Definitionen'!$B$7) -> 74.33 | C8: 0 | D8: =INDEX('1. Antritt_Prüfung'!$A$5:$H$256,MATCH(G8,'1. Antritt_Prüfung'!$C$5:$C$182,0),7) -> 3474262 | E8: Stud17 | F8: Pseudo | G8: stud17@example.local | H8: Beendet | I8: 45860.354 | J8: 45860.423 | K8: 1 Stunde 39 Minuten | L8: 74.33 | N8: 3.33 | O8: 10 | P8: 6 | Q8: 7 | R8: 8.5 | S8: 10 | T8: 3 | U8: 3 | V8: 6 | W8: 9 | X8: 8.5
A9: =THE_Detailpunkte[[#This Row],[Bewertung/90,00]] -> 66.5 | B9: =SUMIFS(THE_Detailpunkte[#This Row],$E$2:$X$2,'0. Definitionen'!$B$7) -> 66.5 | C9: 0 | D9: =INDEX('1. Antritt_Prüfung'!$A$5:$H$256,MATCH(G9,'1. Antritt_Prüfung'!$C$5:$C$182,0),7) -> 3474220 | E9: Stud16 | F9: Pseudo | G9: stud16@example.local | H9: Beendet | I9: 45860.354 | J9: 45860.423 | K9: 1 Stunde 39 Minuten | L9: 66.5 | N9: 5 | O9: 10 | P9: 8 | Q9: 8 | R9: 7 | S9: 10 | T9: 0 | U9: 2 | V9: 4 | W9: 4 | X9: 8.5
A10: =THE_Detailpunkte[[#This Row],[Bewertung/90,00]] -> 71.5 | B10: =SUMIFS(THE_Detailpunkte[#This Row],$E$2:$X$2,'0. Definitionen'!$B$7) -> 72 | C10: 0 | D10: =INDEX('1. Antritt_Prüfung'!$A$5:$H$256,MATCH(G10,'1. Antritt_Prüfung'!$C$5:$C$182,0),7) -> 3300459 | E10: Stud08 | F10: Pseudo | G10: stud08@example.local | H10: Beendet | I10: 45860.354 | J10: 45860.423 | K10: 1 Stunde 39 Minuten | L10: 71.5 | N10: 2.5 | O10: 10 | P10: 8 | Q10: 8 | R10: 8 | S10: 10 | T10: 3.5 | U10: 2 | V10: 7 | W10: 6 | X10: 7
A11: =THE_Detailpunkte[[#This Row],[Bewertung/90,00]] -> 77 | B11: =SUMIFS(THE_Detailpunkte[#This Row],$E$2:$X$2,'0. Definitionen'!$B$7) -> 77 | C11: 0 | D11: =INDEX('1. Antritt_Prüfung'!$A$5:$H$256,MATCH(G11,'1. Antritt_Prüfung'!$C$5:$C$182,0),7) -> 3513448 | E11: Stud25 | F11: Pseudo | G11: stud25@example.local | H11: Beendet | I11: 45860.354 | J11: 45860.424 | K11: 1 Stunde 39 Minuten | L11: 77 | N11: 5 | O11: 10 | P11: 8 | Q11: 8 | R11: 8 | S11: 10 | T11: 6 | U11: 2 | V11: 7 | W11: 9 | X11: 4
A12: =THE_Detailpunkte[[#This Row],[Bewertung/90,00]] -> 77 | B12: =SUMIFS(THE_Detailpunkte[#This Row],$E$2:$X$2,'0. Definitionen'!$B$7) -> 77 | C12: 0 | D12: =INDEX('1. Antritt_Prüfung'!$A$5:$H$256,MATCH(G12,'1. Antritt_Prüfung'!$C$5:$C$182,0),7) -> 3314377 | E12: Stud10 | F12: Pseudo | G12: stud10@example.local | H12: Beendet | I12: 45860.354 | J12: 45860.423 | K12: 1 Stunde 39 Minuten | L12: 77 | N12: 5 | O12: 10 | P12: 8 | Q12: 7 | R12: 10 | S12: 10 | T12: 3 | U12: 2 | V12: 7 | W12: 8 | X12: 7
A13: =THE_Detailpunkte[[#This Row],[Bewertung/90,00]] -> 82.5 | B13: =SUMIFS(THE_Detailpunkte[#This Row],$E$2:$X$2,'0. Definitionen'!$B$7) -> 85.5 | C13: 0 | D13: =INDEX('1. Antritt_Prüfung'!$A$5:$H$256,MATCH(G13,'1. Antritt_Prüfung'!$C$5:$C$182,0),7) -> 3478653 | E13: Stud21 | F13: Pseudo | G13: stud21@example.local | H13: Beendet | I13: 45860.354 | J13: 45860.423 | K13: 1 Stunde 39 Minuten | L13: 82.5 | N13: 5 | O13: 10 | P13: 8 | Q13: 8 | R13: 10 | S13: 10 | T13: 6 | U13: 3 | V13: 7 | W13: 11 | X13: 7.5
A14: =THE_Detailpunkte[[#This Row],[Bewertung/90,00]] -> 76.5 | B14: =SUMIFS(THE_Detailpunkte[#This Row],$E$2:$X$2,'0. Definitionen'!$B$7) -> 76.5 | C14: 0 | D14: =INDEX('1. Antritt_Prüfung'!$A$5:$H$256,MATCH(G14,'1. Antritt_Prüfung'!$C$5:$C$182,0),7) -> 3478426 | E14: Stud20 | F14: Pseudo | G14: stud20@example.local | H14: Beendet | I14: 45860.354 | J14: 45860.423 | K14: 1 Stunde 39 Minuten | L14: 76.5 | N14: 5 | O14: 10 | P14: 8 | Q14: 9 | R14: 6.5 | S14: 10 | T14: 3 | U14: 2 | V14: 7 | W14: 9 | X14: 7
A15: =THE_Detailpunkte[[#This Row],[Bewertung/90,00]] -> 75.5 | B15: =SUMIFS(THE_Detailpunkte[#This Row],$E$2:$X$2,'0. Definitionen'!$B$7) -> 75.5 | C15: 0 | D15: =INDEX('1. Antritt_Prüfung'!$A$5:$H$256,MATCH(G15,'1. Antritt_Prüfung'!$C$5:$C$182,0),7) -> 3202847 | E15: Stud02 | F15: Pseudo | G15: stud02@example.local | H15: Beendet | I15: 45860.354 | J15: 45860.423 | K15: 1 Stunde 38 Minuten | L15: 75.5 | N15: 5 | O15: 10 | P15: 8 | Q15: 8 | R15: 8.5 | S15: 10 | T15: 3 | U15: 2 | V15: 6 | W15: 8 | X15: 7
... A28: =THE_Detailpunkte[[#This Row],[Bewertung/90,00]] -> 70.33 | B28: =SUMIFS(THE_Detailpunkte[#This Row],$E$2:$X$2,'0. Definitionen'!$B$7) -> 70.33 | C28: 0 | D28: =INDEX('1. Antritt_Prüfung'!$A$5:$H$256,MATCH(G28,'1. Antritt_Prüfung'!$C$5:$C$182,0),7) -> 3274772 | E28: Stud06 | F28: Pseudo | G28: stud06@example.local | H28: Beendet | I28: 45860.354 | J28: 45860.417 | K28: 1 Stunde 31 Minuten | L28: 70.33 | N28: 3.33 | O28: 10 | P28: 8 | Q28: 5 | R28: 7.5 | S28: 10 | T28: 3 | U28: 3 | V28: 1 | W28: 11 | X28: 8.5
A29: =THE_Detailpunkte[[#This Row],[Bewertung/90,00]] -> 61.33 | B29: =SUMIFS(THE_Detailpunkte[#This Row],$E$2:$X$2,'0. Definitionen'!$B$7) -> 61.33 | C29: 0 | D29: =INDEX('1. Antritt_Prüfung'!$A$5:$H$256,MATCH(G29,'1. Antritt_Prüfung'!$C$5:$C$182,0),7) -> 3514106 | E29: Stud27 | F29: Pseudo | G29: stud27@example.local | H29: Beendet | I29: 45860.354 | J29: 45860.424 | K29: 1 Stunde 39 Minuten | L29: 61.33 | N29: 3.33 | O29: 10 | P29: 8 | Q29: 2 | R29: 6 | S29: 10 | T29: 6 | U29: 3 | V29: 4 | W29: 9
A30: =THE_Detailpunkte[[#This Row],[Bewertung/90,00]] -> 74.33 | B30: =SUMIFS(THE_Detailpunkte[#This Row],$E$2:$X$2,'0. Definitionen'!$B$7) -> 74.33 | C30: 0 | D30: =INDEX('1. Antritt_Prüfung'!$A$5:$H$256,MATCH(G30,'1. Antritt_Prüfung'!$C$5:$C$182,0),7) -> 3477713 | E30: Stud19 | F30: Pseudo | G30: stud19@example.local | H30: Beendet | I30: 45860.354 | J30: 45860.424 | K30: 1 Stunde 39 Minuten | L30: 74.33 | N30: 3.33 | O30: 10 | P30: 8 | Q30: 8 | R30: 7 | S30: 10 | T30: 3 | U30: 1 | V30: 7 | W30: 11 | X30: 6
A31: =THE_Detailpunkte[[#This Row],[Bewertung/90,00]] -> 78 | B31: =SUMIFS(THE_Detailpunkte[#This Row],$E$2:$X$2,'0. Definitionen'!$B$7) -> 78 | C31: 0 | D31: =INDEX('1. Antritt_Prüfung'!$A$5:$H$256,MATCH(G31,'1. Antritt_Prüfung'!$C$5:$C$182,0),7) -> 3491126 | E31: Stud24 | F31: Pseudo | G31: stud24@example.local | H31: Beendet | I31: 45860.354 | J31: 45860.424 | K31: 1 Stunde 40 Minuten | L31: 78 | N31: 5 | O31: 9 | P31: 8 | Q31: 10 | R31: 10 | S31: 10 | T31: 6 | U31: 1 | V31: 7 | W31: 5 | X31: 7
A32: =THE_Detailpunkte[[#This Row],[Bewertung/90,00]] -> #VALUE! | B32: =SUMIFS(THE_Detailpunkte[#This Row],$E$2:$X$2,'0. Definitionen'!$B$7) -> #VALUE! | C32: 0 | D32: =INDEX('1. Antritt_Prüfung'!$A$5:$H$256,MATCH(G32,'1. Antritt_Prüfung'!$C$5:$C$182,0),7) -> #N/A
A33: =THE_Detailpunkte[[#This Row],[Bewertung/90,00]] -> #VALUE! | B33: =SUMIFS(THE_Detailpunkte[#This Row],$E$2:$X$2,'0. Definitionen'!$B$7) -> #VALUE! | C33: 0 | D33: =INDEX('1. Antritt_Prüfung'!$A$5:$H$256,MATCH(G33,'1. Antritt_Prüfung'!$C$5:$C$182,0),7) -> #N/A
A34: =THE_Detailpunkte[[#This Row],[Bewertung/90,00]] -> #VALUE! | B34: =SUMIFS(THE_Detailpunkte[#This Row],$E$2:$X$2,'0. Definitionen'!$B$7) -> #VALUE! | C34: 0 | D34: =INDEX('1. Antritt_Prüfung'!$A$5:$H$256,MATCH(G34,'1. Antritt_Prüfung'!$C$5:$C$182,0),7) -> #N/A
A35: =THE_Detailpunkte[[#This Row],[Bewertung/90,00]] -> #VALUE! | B35: =SUMIFS(THE_Detailpunkte[#This Row],$E$2:$X$2,'0. Definitionen'!$B$7) -> #VALUE! | C35: 0 | D35: =INDEX('1. Antritt_Prüfung'!$A$5:$H$256,MATCH(G35,'1. Antritt_Prüfung'!$C$5:$C$182,0),7) -> #N/A
A36: =THE_Detailpunkte[[#This Row],[Bewertung/90,00]] -> #VALUE! | B36: =SUMIFS(THE_Detailpunkte[#This Row],$E$2:$X$2,'0. Definitionen'!$B$7) -> #VALUE! | C36: 0 | D36: =INDEX('1. Antritt_Prüfung'!$A$5:$H$256,MATCH(G36,'1. Antritt_Prüfung'!$C$5:$C$182,0),7) -> #N/A
A37: =THE_Detailpunkte[[#This Row],[Bewertung/90,00]] -> #VALUE! | B37: =SUMIFS(THE_Detailpunkte[#This Row],$E$2:$X$2,'0. Definitionen'!$B$7) -> #VALUE! | C37: 0 | D37: =INDEX('1. Antritt_Prüfung'!$A$5:$H$256,MATCH(G37,'1. Antritt_Prüfung'!$C$5:$C$182,0),7) -> #N/A
A38: =THE_Detailpunkte[[#This Row],[Bewertung/90,00]] -> #VALUE! | B38: =SUMIFS(THE_Detailpunkte[#This Row],$E$2:$X$2,'0. Definitionen'!$B$7) -> #VALUE! | C38: 0 | D38: =INDEX('1. Antritt_Prüfung'!$A$5:$H$256,MATCH(G38,'1. Antritt_Prüfung'!$C$5:$C$182,0),7) -> #N/A
A39: =THE_Detailpunkte[[#This Row],[Bewertung/90,00]] -> #VALUE! | B39: =SUMIFS(THE_Detailpunkte[#This Row],$E$2:$X$2,'0. Definitionen'!$B$7) -> #VALUE! | C39: 0 | D39: =INDEX('1. Antritt_Prüfung'!$A$5:$H$256,MATCH(G39,'1. Antritt_Prüfung'!$C$5:$C$182,0),7) -> #N/A
A40: =THE_Detailpunkte[[#This Row],[Bewertung/90,00]] -> #VALUE! | B40: =SUMIFS(THE_Detailpunkte[#This Row],$E$2:$X$2,'0. Definitionen'!$B$7) -> #VALUE! | C40: 0 | D40: =INDEX('1. Antritt_Prüfung'!$A$5:$H$256,MATCH(G40,'1. Antritt_Prüfung'!$C$5:$C$182,0),7) -> #N/A
A41: =THE_Detailpunkte[[#This Row],[Bewertung/90,00]] -> #VALUE! | B41: =SUMIFS(THE_Detailpunkte[#This Row],$E$2:$X$2,'0. Definitionen'!$B$7) -> #VALUE! | C41: 0 | D41: =INDEX('1. Antritt_Prüfung'!$A$5:$H$256,MATCH(G41,'1. Antritt_Prüfung'!$C$5:$C$182,0),7) -> #N/A
A42: =THE_Detailpunkte[[#This Row],[Bewertung/90,00]] -> #VALUE! | B42: =SUMIFS(THE_Detailpunkte[#This Row],$E$2:$X$2,'0. Definitionen'!$B$7) -> #VALUE! | C42: 0 | D42: =INDEX('1. Antritt_Prüfung'!$A$5:$H$256,MATCH(G42,'1. Antritt_Prüfung'!$C$5:$C$182,0),7) -> #N/A
A43: =THE_Detailpunkte[[#This Row],[Bewertung/90,00]] -> #VALUE! | B43: =SUMIFS(THE_Detailpunkte[#This Row],$E$2:$X$2,'0. Definitionen'!$B$7) -> #VALUE! | C43: 0 | D43: =INDEX('1. Antritt_Prüfung'!$A$5:$H$256,MATCH(G43,'1. Antritt_Prüfung'!$C$5:$C$182,0),7) -> #N/A
... A352: =THE_Detailpunkte[[#This Row],[Bewertung/90,00]] -> #VALUE! | B352: =SUMIFS(THE_Detailpunkte[#This Row],$E$2:$X$2,'0. Definitionen'!$B$7) -> #VALUE! | C352: 0 | D352: =INDEX('1. Antritt_Prüfung'!$A$5:$H$256,MATCH(G352,'1. Antritt_Prüfung'!$C$5:$C$182,0),7) -> #N/A

Sheet 3. Notenszenarien
A2: wird aus Notengebung automatisch eingefügt | O2: ="Szenario 1: "&P4&" Punkte - "&TEXT(Q4,"0.0%") -> Szenario 1: 45 Punkte - 50% | S2: ="Szenario 1: "&P4&" Punkte - Stand: "&TEXT(TODAY(),"JJJJ-MM-TT hh:MM")& " (Schrittweite: "&P5&" Punkte)" -> Szenario 1: 45 Punkte - Stand: 2026-07-17 00:00 (Schrittweite: 4,5 Punkte)
F3: Note | I3: Auswahl Szenario | J3: Punkte bis nächste Note | K3: Hilfsrechnung Punkte nächste Note | O3: Gesamtpunkte | P3: 90 | S3: Note | T3: Note ab | U3: Anzahl | V3: Anteil | W3: Anzahl | X3: Anteil
F4: Szenario 1 | G4: Szenario 2 | H4: Szenario 3 | K4: =F4 -> Szenario 1 | L4: =G4 -> Szenario 2 | M4: =H4 -> Szenario 3 | O4: Bestehensgrenze | P4: 45 | Q4: =P4/P3 -> 0.5 | S4: 1 | T4: =T5+P5 -> 85.5 | U4: =COUNTIF(F6:F1048576,1) -> 1 | V4: =U4/U15 -> 0.035714286 | W4: =SUM(U4:U5) -> 6 | X4: =W4/W15 -> 0.21428571 | Y4: =T4/$P$3 -> 0.95
A5: Matr.Nr. | B5: Name | C5: Vorname | D5: Versuch | E5: Punkte | F5: =P4 -> 45 | G5: =P21 -> 40 | H5: =P38 -> 35 | I5: Szenario 1 | J5: =I5 -> Szenario 1 | K5: =F5 -> 45 | L5: =G5 -> 40 | M5: =H5 -> 35 | O5: Schrittweite | P5: =ROUND((P3-P4)/COUNT(S4:S13),1) -> 4.5 | S5: 1.3 | T5: =T6+P5 -> 81 | U5: =COUNTIF(F6:F1048576,1.3) -> 5 | V5: =U5/U15 -> 0.17857143 | Y5: =T5/$P$3 -> 0.9
A6: ='2a.Detailpunkte'!D4 -> 3376139 | B6: ='2a.Detailpunkte'!E4 -> Stud14 | C6: ='2a.Detailpunkte'!F4 -> Pseudo | D6: =IF(Gesamtpunkte[[#This Row],[Versuch]]=0,"",Gesamtpunkte[[#This Row],[Versuch]]) | E6: {=INDEX(Gesamtpunkte[[Matr.-Nr.]:[Gesamtpunkte ]],_xlfn.XMATCH('3. Notenszenarien'!A6,Gesamtpunkte[Matr.-Nr.],0),5)} -> 70.5 | F6: {=INDEX($S$4:$S$14,_xlfn.XMATCH(E6,$T$4:$T$14,-1),1)} -> 2.3 | G6: {=INDEX($S$21:$S$31,_xlfn.XMATCH(E6,$T$21:$T$31,-1),1)} -> 2 | H6: {=INDEX($S$38:$S$48,_xlfn.XMATCH(E6,$T$38:$T$48,-1),1)} -> 2 | I6: =IF(ISNUMBER(A6),INDEX(F6:H6,1,MATCH($I$5,$F$4:$H$4)),"") -> 2.3 | J6: =IF(ISNUMBER(A6),INDEX(K6:M6,1,MATCH($I$5,$K$4:$M$4)),"") -> 1.5 | K6: {=INDEX($T$4:$T$14,_xlfn.XMATCH(E6,$T$4:$T$14,1))-E6} -> 1.5 | L6: {=INDEX($T$21:$T$31,_xlfn.XMATCH(E6,$T$21:$T$31,1))-E6} -> 4.5 | M6: {=INDEX($T$38:$T$48,_xlfn.XMATCH(E6,$T$38:$T$48,1))-E6} -> 3 | S6: 1.7 | T6: =T7+P5 -> 76.5 | U6: =COUNTIF(F6:F1048576,1.7) -> 7 | V6: =U6/U15 -> 0.25 | W6: =SUM(U6:U8) -> 20 | X6: =W6/W15 -> 0.71428571 | Y6: =T6/$P$3 -> 0.85
A7: ='2a.Detailpunkte'!D5 -> 3517558 | B7: ='2a.Detailpunkte'!E5 -> Stud29 | C7: ='2a.Detailpunkte'!F5 -> Pseudo | D7: =IF(Gesamtpunkte[[#This Row],[Versuch]]=0,"",Gesamtpunkte[[#This Row],[Versuch]]) | E7: {=INDEX(Gesamtpunkte[[Matr.-Nr.]:[Gesamtpunkte ]],_xlfn.XMATCH('3. Notenszenarien'!A7,Gesamtpunkte[Matr.-Nr.],0),5)} -> 68 | F7: {=INDEX($S$4:$S$14,_xlfn.XMATCH(E7,$T$4:$T$14,-1),1)} -> 2.3 | G7: {=INDEX($S$21:$S$31,_xlfn.XMATCH(E7,$T$21:$T$31,-1),1)} -> 2.3 | H7: {=INDEX($S$38:$S$48,_xlfn.XMATCH(E7,$T$38:$T$48,-1),1)} -> 2 | I7: =IF(ISNUMBER(A7),INDEX(F7:H7,1,MATCH($I$5,$F$4:$H$4)),"") -> 2.3 | J7: =IF(ISNUMBER(A7),INDEX(K7:M7,1,MATCH($I$5,$K$4:$M$4)),"") -> 4 | K7: {=INDEX($T$4:$T$14,_xlfn.XMATCH(E7,$T$4:$T$14,1))-E7} -> 4 | L7: {=INDEX($T$21:$T$31,_xlfn.XMATCH(E7,$T$21:$T$31,1))-E7} -> 2 | M7: {=INDEX($T$38:$T$48,_xlfn.XMATCH(E7,$T$38:$T$48,1))-E7} -> 0 | O7: Statistiken | P7: Punkte | Q7: Note | S7: 2 | T7: =T8+P5 -> 72 | U7: =COUNTIF(F6:F1048576,2) -> 7 | V7: =U7/U15 -> 0.25 | Y7: =T7/$P$3 -> 0.8
A8: ='2a.Detailpunkte'!D6 -> 3374601 | B8: ='2a.Detailpunkte'!E6 -> Stud13 | C8: ='2a.Detailpunkte'!F6 -> Pseudo | D8: =IF(Gesamtpunkte[[#This Row],[Versuch]]=0,"",Gesamtpunkte[[#This Row],[Versuch]]) | E8: {=INDEX(Gesamtpunkte[[Matr.-Nr.]:[Gesamtpunkte ]],_xlfn.XMATCH('3. Notenszenarien'!A8,Gesamtpunkte[Matr.-Nr.],0),5)} -> 71.5 | F8: {=INDEX($S$4:$S$14,_xlfn.XMATCH(E8,$T$4:$T$14,-1),1)} -> 2.3 | G8: {=INDEX($S$21:$S$31,_xlfn.XMATCH(E8,$T$21:$T$31,-1),1)} -> 2 | H8: {=INDEX($S$38:$S$48,_xlfn.XMATCH(E8,$T$38:$T$48,-1),1)} -> 2 | I8: =IF(ISNUMBER(A8),INDEX(F8:H8,1,MATCH($I$5,$F$4:$H$4)),"") -> 2.3 | J8: =IF(ISNUMBER(A8),INDEX(K8:M8,1,MATCH($I$5,$K$4:$M$4)),"") -> 0.5 | K8: {=INDEX($T$4:$T$14,_xlfn.XMATCH(E8,$T$4:$T$14,1))-E8} -> 0.5 | L8: {=INDEX($T$21:$T$31,_xlfn.XMATCH(E8,$T$21:$T$31,1))-E8} -> 3.5 | M8: {=INDEX($T$38:$T$48,_xlfn.XMATCH(E8,$T$38:$T$48,1))-E8} -> 2 | O8: beste Arbeit | P8: {=MAX(IF(ISNUMBER($E$6:$E$1048576),$E$6:$E$1048576))} -> 87 | Q8: {=INDEX($S$4:$S$14,_xlfn.XMATCH(P8,$T$4:$T$14,-1))} -> 1 | S8: 2.3 | T8: =T9+P5 -> 67.5 | U8: =COUNTIF(F6:F1048576,2.3) -> 6 | V8: =U8/U15 -> 0.21428571 | Y8: =T8/$P$3 -> 0.75
A9: ='2a.Detailpunkte'!D7 -> 3516593 | B9: ='2a.Detailpunkte'!E7 -> Stud28 | C9: ='2a.Detailpunkte'!F7 -> Pseudo | D9: =IF(Gesamtpunkte[[#This Row],[Versuch]]=0,"",Gesamtpunkte[[#This Row],[Versuch]]) | E9: {=INDEX(Gesamtpunkte[[Matr.-Nr.]:[Gesamtpunkte ]],_xlfn.XMATCH('3. Notenszenarien'!A9,Gesamtpunkte[Matr.-Nr.],0),5)} -> 79 | F9: {=INDEX($S$4:$S$14,_xlfn.XMATCH(E9,$T$4:$T$14,-1),1)} -> 1.7 | G9: {=INDEX($S$21:$S$31,_xlfn.XMATCH(E9,$T$21:$T$31,-1),1)} -> 1.7 | H9: {=INDEX($S$38:$S$48,_xlfn.XMATCH(E9,$T$38:$T$48,-1),1)} -> 1.3 | I9: =IF(ISNUMBER(A9),INDEX(F9:H9,1,MATCH($I$5,$F$4:$H$4)),"") -> 1.7 | J9: =IF(ISNUMBER(A9),INDEX(K9:M9,1,MATCH($I$5,$K$4:$M$4)),"") -> 2 | K9: {=INDEX($T$4:$T$14,_xlfn.XMATCH(E9,$T$4:$T$14,1))-E9} -> 2 | L9: {=INDEX($T$21:$T$31,_xlfn.XMATCH(E9,$T$21:$T$31,1))-E9} -> 1 | M9: {=INDEX($T$38:$T$48,_xlfn.XMATCH(E9,$T$38:$T$48,1))-E9} -> 0 | O9: Punktedurchschnitt | P9: {=AVERAGE(IF(ISNUMBER($E$6:$E$1048576),$E$6:$E$1048576))} -> 75.517857 | Q9: {=INDEX($S$4:$S$14,_xlfn.XMATCH(P9,$T$4:$T$14,-1))} -> 2 | S9: 2.7 | T9: =T10+P5 -> 63 | U9: =COUNTIF(F6:F1048576,2.7) -> 1 | V9: =U9/U15 -> 0.035714286 | W9: =SUM(U9:U11) -> 2 | X9: =W9/W15 -> 0.071428571 | Y9: =T9/$P$3 -> 0.7
A10: ='2a.Detailpunkte'!D8 -> 3474262 | B10: ='2a.Detailpunkte'!E8 -> Stud17 | C10: ='2a.Detailpunkte'!F8 -> Pseudo | D10: =IF(Gesamtpunkte[[#This Row],[Versuch]]=0,"",Gesamtpunkte[[#This Row],[Versuch]]) | E10: {=INDEX(Gesamtpunkte[[Matr.-Nr.]:[Gesamtpunkte ]],_xlfn.XMATCH('3. Notenszenarien'!A10,Gesamtpunkte[Matr.-Nr.],0),5)} -> 74.5 | F10: {=INDEX($S$4:$S$14,_xlfn.XMATCH(E10,$T$4:$T$14,-1),1)} -> 2 | G10: {=INDEX($S$21:$S$31,_xlfn.XMATCH(E10,$T$21:$T$31,-1),1)} -> 2 | H10: {=INDEX($S$38:$S$48,_xlfn.XMATCH(E10,$T$38:$T$48,-1),1)} -> 1.7 | I10: =IF(ISNUMBER(A10),INDEX(F10:H10,1,MATCH($I$5,$F$4:$H$4)),"") -> 2 | J10: =IF(ISNUMBER(A10),INDEX(K10:M10,1,MATCH($I$5,$K$4:$M$4)),"") -> 2 | K10: {=INDEX($T$4:$T$14,_xlfn.XMATCH(E10,$T$4:$T$14,1))-E10} -> 2 | L10: {=INDEX($T$21:$T$31,_xlfn.XMATCH(E10,$T$21:$T$31,1))-E10} -> 0.5 | M10: {=INDEX($T$38:$T$48,_xlfn.XMATCH(E10,$T$38:$T$48,1))-E10} -> 4.5 | O10: Median (Punkte) | P10: {=MEDIAN(IF(ISNUMBER($E$6:$E$1048576),$E$6:$E$1048576))} -> 75.75 | Q10: {=INDEX($S$4:$S$14,_xlfn.XMATCH(P10,$T$4:$T$14,-1))} -> 2 | S10: 3 | T10: =T11+P5 -> 58.5 | U10: =COUNTIF(F6:F1048576,3) -> 1 | V10: =U10/U15 -> 0.035714286 | Y10: =T10/$P$3 -> 0.65
A11: ='2a.Detailpunkte'!D9 -> 3474220 | B11: ='2a.Detailpunkte'!E9 -> Stud16 | C11: ='2a.Detailpunkte'!F9 -> Pseudo | D11: =IF(Gesamtpunkte[[#This Row],[Versuch]]=0,"",Gesamtpunkte[[#This Row],[Versuch]]) | E11: {=INDEX(Gesamtpunkte[[Matr.-Nr.]:[Gesamtpunkte ]],_xlfn.XMATCH('3. Notenszenarien'!A11,Gesamtpunkte[Matr.-Nr.],0),5)} -> 66.5 | F11: {=INDEX($S$4:$S$14,_xlfn.XMATCH(E11,$T$4:$T$14,-1),1)} -> 2.7 | G11: {=INDEX($S$21:$S$31,_xlfn.XMATCH(E11,$T$21:$T$31,-1),1)} -> 2.3 | H11: {=INDEX($S$38:$S$48,_xlfn.XMATCH(E11,$T$38:$T$48,-1),1)} -> 2.3 | I11: =IF(ISNUMBER(A11),INDEX(F11:H11,1,MATCH($I$5,$F$4:$H$4)),"") -> 2.7 | J11: =IF(ISNUMBER(A11),INDEX(K11:M11,1,MATCH($I$5,$K$4:$M$4)),"") -> 1 | K11: {=INDEX($T$4:$T$14,_xlfn.XMATCH(E11,$T$4:$T$14,1))-E11} -> 1 | L11: {=INDEX($T$21:$T$31,_xlfn.XMATCH(E11,$T$21:$T$31,1))-E11} -> 3.5 | M11: {=INDEX($T$38:$T$48,_xlfn.XMATCH(E11,$T$38:$T$48,1))-E11} -> 1.5 | O11: Notendurchschnitt | P11: - | Q11: {=AVERAGE(IF(ISNUMBER(F6:F350),F6:F350))} -> 1.8892857 | S11: 3.3 | T11: =T12+P5 -> 54 | U11: =COUNTIF(F6:F1048576,3.3) -> 0 | V11: =U11/U15 -> 0 | Y11: =T11/$P$3 -> 0.6
A12: ='2a.Detailpunkte'!D10 -> 3300459 | B12: ='2a.Detailpunkte'!E10 -> Stud08 | C12: ='2a.Detailpunkte'!F10 -> Pseudo | D12: =IF(Gesamtpunkte[[#This Row],[Versuch]]=0,"",Gesamtpunkte[[#This Row],[Versuch]]) | E12: {=INDEX(Gesamtpunkte[[Matr.-Nr.]:[Gesamtpunkte ]],_xlfn.XMATCH('3. Notenszenarien'!A12,Gesamtpunkte[Matr.-Nr.],0),5)} -> 71.5 | F12: {=INDEX($S$4:$S$14,_xlfn.XMATCH(E12,$T$4:$T$14,-1),1)} -> 2.3 | G12: {=INDEX($S$21:$S$31,_xlfn.XMATCH(E12,$T$21:$T$31,-1),1)} -> 2 | H12: {=INDEX($S$38:$S$48,_xlfn.XMATCH(E12,$T$38:$T$48,-1),1)} -> 2 | I12: =IF(ISNUMBER(A12),INDEX(F12:H12,1,MATCH($I$5,$F$4:$H$4)),"") -> 2.3 | J12: =IF(ISNUMBER(A12),INDEX(K12:M12,1,MATCH($I$5,$K$4:$M$4)),"") -> 0.5 | K12: {=INDEX($T$4:$T$14,_xlfn.XMATCH(E12,$T$4:$T$14,1))-E12} -> 0.5 | L12: {=INDEX($T$21:$T$31,_xlfn.XMATCH(E12,$T$21:$T$31,1))-E12} -> 3.5 | M12: {=INDEX($T$38:$T$48,_xlfn.XMATCH(E12,$T$38:$T$48,1))-E12} -> 2 | O12: Median (Noten) | P12: - | Q12: {=MEDIAN(IF(ISNUMBER(F6:F350),F6:F350))} -> 2 | S12: 3.7 | T12: =T13+P5 -> 49.5 | U12: =COUNTIF(F6:F1048576,3.7) -> 0 | V12: =U12/U15 -> 0 | W12: =SUM(U12:U13) -> 0 | X12: =W12/W15 -> 0 | Y12: =T12/$P$3 -> 0.55
A13: ='2a.Detailpunkte'!D11 -> 3513448 | B13: ='2a.Detailpunkte'!E11 -> Stud25 | C13: ='2a.Detailpunkte'!F11 -> Pseudo | D13: =IF(Gesamtpunkte[[#This Row],[Versuch]]=0,"",Gesamtpunkte[[#This Row],[Versuch]]) | E13: {=INDEX(Gesamtpunkte[[Matr.-Nr.]:[Gesamtpunkte ]],_xlfn.XMATCH('3. Notenszenarien'!A13,Gesamtpunkte[Matr.-Nr.],0),5)} -> 77 | F13: {=INDEX($S$4:$S$14,_xlfn.XMATCH(E13,$T$4:$T$14,-1),1)} -> 1.7 | G13: {=INDEX($S$21:$S$31,_xlfn.XMATCH(E13,$T$21:$T$31,-1),1)} -> 1.7 | H13: {=INDEX($S$38:$S$48,_xlfn.XMATCH(E13,$T$38:$T$48,-1),1)} -> 1.7 | I13: =IF(ISNUMBER(A13),INDEX(F13:H13,1,MATCH($I$5,$F$4:$H$4)),"") -> 1.7 | J13: =IF(ISNUMBER(A13),INDEX(K13:M13,1,MATCH($I$5,$K$4:$M$4)),"") -> 4 | K13: {=INDEX($T$4:$T$14,_xlfn.XMATCH(E13,$T$4:$T$14,1))-E13} -> 4 | L13: {=INDEX($T$21:$T$31,_xlfn.XMATCH(E13,$T$21:$T$31,1))-E13} -> 3 | M13: {=INDEX($T$38:$T$48,_xlfn.XMATCH(E13,$T$38:$T$48,1))-E13} -> 2 | S13: 4 | T13: =P4 -> 45 | U13: =COUNTIF(F6:F1048576,4) -> 0 | V13: =U13/U15 -> 0 | Y13: =T13/$P$3 -> 0.5
A14: ='2a.Detailpunkte'!D12 -> 3314377 | B14: ='2a.Detailpunkte'!E12 -> Stud10 | C14: ='2a.Detailpunkte'!F12 -> Pseudo | D14: =IF(Gesamtpunkte[[#This Row],[Versuch]]=0,"",Gesamtpunkte[[#This Row],[Versuch]]) | E14: {=INDEX(Gesamtpunkte[[Matr.-Nr.]:[Gesamtpunkte ]],_xlfn.XMATCH('3. Notenszenarien'!A14,Gesamtpunkte[Matr.-Nr.],0),5)} -> 77 | F14: {=INDEX($S$4:$S$14,_xlfn.XMATCH(E14,$T$4:$T$14,-1),1)} -> 1.7 | G14: {=INDEX($S$21:$S$31,_xlfn.XMATCH(E14,$T$21:$T$31,-1),1)} -> 1.7 | H14: {=INDEX($S$38:$S$48,_xlfn.XMATCH(E14,$T$38:$T$48,-1),1)} -> 1.7 | I14: =IF(ISNUMBER(A14),INDEX(F14:H14,1,MATCH($I$5,$F$4:$H$4)),"") -> 1.7 | J14: =IF(ISNUMBER(A14),INDEX(K14:M14,1,MATCH($I$5,$K$4:$M$4)),"") -> 4 | K14: {=INDEX($T$4:$T$14,_xlfn.XMATCH(E14,$T$4:$T$14,1))-E14} -> 4 | L14: {=INDEX($T$21:$T$31,_xlfn.XMATCH(E14,$T$21:$T$31,1))-E14} -> 3 | M14: {=INDEX($T$38:$T$48,_xlfn.XMATCH(E14,$T$38:$T$48,1))-E14} -> 2 | S14: 5 | T14: 0 | U14: =COUNTIF(F6:F1048576,5) -> 0 | V14: =U14/U15 -> 0 | W14: =U14 -> 0 | X14: =W14/W15 -> 0 | Y14: =T14/$P$3 -> 0
A15: ='2a.Detailpunkte'!D13 -> 3478653 | B15: ='2a.Detailpunkte'!E13 -> Stud21 | C15: ='2a.Detailpunkte'!F13 -> Pseudo | D15: =IF(Gesamtpunkte[[#This Row],[Versuch]]=0,"",Gesamtpunkte[[#This Row],[Versuch]]) | E15: {=INDEX(Gesamtpunkte[[Matr.-Nr.]:[Gesamtpunkte ]],_xlfn.XMATCH('3. Notenszenarien'!A15,Gesamtpunkte[Matr.-Nr.],0),5)} -> 82.5 | F15: {=INDEX($S$4:$S$14,_xlfn.XMATCH(E15,$T$4:$T$14,-1),1)} -> 1.3 | G15: {=INDEX($S$21:$S$31,_xlfn.XMATCH(E15,$T$21:$T$31,-1),1)} -> 1.3 | H15: {=INDEX($S$38:$S$48,_xlfn.XMATCH(E15,$T$38:$T$48,-1),1)} -> 1.3 | I15: =IF(ISNUMBER(A15),INDEX(F15:H15,1,MATCH($I$5,$F$4:$H$4)),"") -> 1.3 | J15: =IF(ISNUMBER(A15),INDEX(K15:M15,1,MATCH($I$5,$K$4:$M$4)),"") -> 3 | K15: {=INDEX($T$4:$T$14,_xlfn.XMATCH(E15,$T$4:$T$14,1))-E15} -> 3 | L15: {=INDEX($T$21:$T$31,_xlfn.XMATCH(E15,$T$21:$T$31,1))-E15} -> 2.5 | M15: {=INDEX($T$38:$T$48,_xlfn.XMATCH(E15,$T$38:$T$48,1))-E15} -> 2 | U15: =SUM(U4:U14) -> 28 | V15: =SUM(V4:V14) -> 1 | W15: =W4+W6+W9+W12+W14 -> 28 | X15: =X4+X6+X9+X12+X14 -> 1
A16: ='2a.Detailpunkte'!D14 -> 3478426 | B16: ='2a.Detailpunkte'!E14 -> Stud20 | C16: ='2a.Detailpunkte'!F14 -> Pseudo | D16: =IF(Gesamtpunkte[[#This Row],[Versuch]]=0,"",Gesamtpunkte[[#This Row],[Versuch]]) | E16: {=INDEX(Gesamtpunkte[[Matr.-Nr.]:[Gesamtpunkte ]],_xlfn.XMATCH('3. Notenszenarien'!A16,Gesamtpunkte[Matr.-Nr.],0),5)} -> 76.5 | F16: {=INDEX($S$4:$S$14,_xlfn.XMATCH(E16,$T$4:$T$14,-1),1)} -> 1.7 | G16: {=INDEX($S$21:$S$31,_xlfn.XMATCH(E16,$T$21:$T$31,-1),1)} -> 1.7 | H16: {=INDEX($S$38:$S$48,_xlfn.XMATCH(E16,$T$38:$T$48,-1),1)} -> 1.7 | I16: =IF(ISNUMBER(A16),INDEX(F16:H16,1,MATCH($I$5,$F$4:$H$4)),"") -> 1.7 | J16: =IF(ISNUMBER(A16),INDEX(K16:M16,1,MATCH($I$5,$K$4:$M$4)),"") -> 0 | K16: {=INDEX($T$4:$T$14,_xlfn.XMATCH(E16,$T$4:$T$14,1))-E16} -> 0 | L16: {=INDEX($T$21:$T$31,_xlfn.XMATCH(E16,$T$21:$T$31,1))-E16} -> 3.5 | M16: {=INDEX($T$38:$T$48,_xlfn.XMATCH(E16,$T$38:$T$48,1))-E16} -> 2.5
A17: ='2a.Detailpunkte'!D15 -> 3202847 | B17: ='2a.Detailpunkte'!E15 -> Stud02 | C17: ='2a.Detailpunkte'!F15 -> Pseudo | E17: {=INDEX(Gesamtpunkte[[Matr.-Nr.]:[Gesamtpunkte ]],_xlfn.XMATCH('3. Notenszenarien'!A17,Gesamtpunkte[Matr.-Nr.],0),5)} -> 75.5 | F17: {=INDEX($S$4:$S$14,_xlfn.XMATCH(E17,$T$4:$T$14,-1),1)} -> 2 | G17: {=INDEX($S$21:$S$31,_xlfn.XMATCH(E17,$T$21:$T$31,-1),1)} -> 1.7 | H17: {=INDEX($S$38:$S$48,_xlfn.XMATCH(E17,$T$38:$T$48,-1),1)} -> 1.7 | I17: =IF(ISNUMBER(A17),INDEX(F17:H17,1,MATCH($I$5,$F$4:$H$4)),"") -> 2 | J17: =IF(ISNUMBER(A17),INDEX(K17:M17,1,MATCH($I$5,$K$4:$M$4)),"") -> 1 | K17: {=INDEX($T$4:$T$14,_xlfn.XMATCH(E17,$T$4:$T$14,1))-E17} -> 1 | L17: {=INDEX($T$21:$T$31,_xlfn.XMATCH(E17,$T$21:$T$31,1))-E17} -> 4.5 | M17: {=INDEX($T$38:$T$48,_xlfn.XMATCH(E17,$T$38:$T$48,1))-E17} -> 3.5
A18: ='2a.Detailpunkte'!D16 -> 3472086 | B18: ='2a.Detailpunkte'!E16 -> Stud15 | C18: ='2a.Detailpunkte'!F16 -> Pseudo | D18: =IF(Gesamtpunkte[[#This Row],[Versuch]]=0,"",Gesamtpunkte[[#This Row],[Versuch]]) | E18: {=INDEX(Gesamtpunkte[[Matr.-Nr.]:[Gesamtpunkte ]],_xlfn.XMATCH('3. Notenszenarien'!A18,Gesamtpunkte[Matr.-Nr.],0),5)} -> 71 | F18: {=INDEX($S$4:$S$14,_xlfn.XMATCH(E18,$T$4:$T$14,-1),1)} -> 2.3 | G18: {=INDEX($S$21:$S$31,_xlfn.XMATCH(E18,$T$21:$T$31,-1),1)} -> 2 | H18: {=INDEX($S$38:$S$48,_xlfn.XMATCH(E18,$T$38:$T$48,-1),1)} -> 2 | I18: =IF(ISNUMBER(A18),INDEX(F18:H18,1,MATCH($I$5,$F$4:$H$4)),"") -> 2.3 | J18: =IF(ISNUMBER(A18),INDEX(K18:M18,1,MATCH($I$5,$K$4:$M$4)),"") -> 1 | K18: {=INDEX($T$4:$T$14,_xlfn.XMATCH(E18,$T$4:$T$14,1))-E18} -> 1 | L18: {=INDEX($T$21:$T$31,_xlfn.XMATCH(E18,$T$21:$T$31,1))-E18} -> 4 | M18: {=INDEX($T$38:$T$48,_xlfn.XMATCH(E18,$T$38:$T$48,1))-E18} -> 2.5
A19: ='2a.Detailpunkte'!D17 -> 3226049 | B19: ='2a.Detailpunkte'!E17 -> Stud03 | C19: ='2a.Detailpunkte'!F17 -> Pseudo | D19: =IF(Gesamtpunkte[[#This Row],[Versuch]]=0,"",Gesamtpunkte[[#This Row],[Versuch]]) | E19: {=INDEX(Gesamtpunkte[[Matr.-Nr.]:[Gesamtpunkte ]],_xlfn.XMATCH('3. Notenszenarien'!A19,Gesamtpunkte[Matr.-Nr.],0),5)} -> 87 | F19: {=INDEX($S$4:$S$14,_xlfn.XMATCH(E19,$T$4:$T$14,-1),1)} -> 1 | G19: {=INDEX($S$21:$S$31,_xlfn.XMATCH(E19,$T$21:$T$31,-1),1)} -> 1 | H19: {=INDEX($S$38:$S$48,_xlfn.XMATCH(E19,$T$38:$T$48,-1),1)} -> 1 | I19: =IF(ISNUMBER(A19),INDEX(F19:H19,1,MATCH($I$5,$F$4:$H$4)),"") -> 1 | J19: =IF(ISNUMBER(A19),INDEX(K19:M19,1,MATCH($I$5,$K$4:$M$4)),"") -> #N/A | K19: {=INDEX($T$4:$T$14,_xlfn.XMATCH(E19,$T$4:$T$14,1))-E19} -> #N/A | L19: {=INDEX($T$21:$T$31,_xlfn.XMATCH(E19,$T$21:$T$31,1))-E19} -> #N/A | M19: {=INDEX($T$38:$T$48,_xlfn.XMATCH(E19,$T$38:$T$48,1))-E19} -> #N/A | O19: ="Szenario 2: "&P21&" Punkte - "&TEXT(Q21,"0.0%") -> Szenario 2: 40 Punkte - 44% | S19: ="Szenario 2: "&P21&" Punkte - Stand: "&TEXT(TODAY(),"JJJJ-MM-TT hh:MM")& " (Schrittweite: "&P22&" Punkte)" -> Szenario 2: 40 Punkte - Stand: 2026-07-17 00:00 (Schrittweite: 5 Punkte)
A20: ='2a.Detailpunkte'!D18 -> 3483130 | B20: ='2a.Detailpunkte'!E18 -> Stud22 | C20: ='2a.Detailpunkte'!F18 -> Pseudo | D20: =IF(Gesamtpunkte[[#This Row],[Versuch]]=0,"",Gesamtpunkte[[#This Row],[Versuch]]) | E20: {=INDEX(Gesamtpunkte[[Matr.-Nr.]:[Gesamtpunkte ]],_xlfn.XMATCH('3. Notenszenarien'!A20,Gesamtpunkte[Matr.-Nr.],0),5)} -> 72 | F20: {=INDEX($S$4:$S$14,_xlfn.XMATCH(E20,$T$4:$T$14,-1),1)} -> 2 | G20: {=INDEX($S$21:$S$31,_xlfn.XMATCH(E20,$T$21:$T$31,-1),1)} -> 2 | H20: {=INDEX($S$38:$S$48,_xlfn.XMATCH(E20,$T$38:$T$48,-1),1)} -> 2 | I20: =IF(ISNUMBER(A20),INDEX(F20:H20,1,MATCH($I$5,$F$4:$H$4)),"") -> 2 | J20: =IF(ISNUMBER(A20),INDEX(K20:M20,1,MATCH($I$5,$K$4:$M$4)),"") -> 0 | K20: {=INDEX($T$4:$T$14,_xlfn.XMATCH(E20,$T$4:$T$14,1))-E20} -> 0 | L20: {=INDEX($T$21:$T$31,_xlfn.XMATCH(E20,$T$21:$T$31,1))-E20} -> 3 | M20: {=INDEX($T$38:$T$48,_xlfn.XMATCH(E20,$T$38:$T$48,1))-E20} -> 1.5 | O20: Gesamtpunkte | P20: 90 | S20: Note | T20: Note ab | U20: Anzahl | V20: Anteil | W20: Anzahl | X20: Anteil
A21: ='2a.Detailpunkte'!D19 -> 3298408 | B21: ='2a.Detailpunkte'!E19 -> Stud07 | C21: ='2a.Detailpunkte'!F19 -> Pseudo | D21: =IF(Gesamtpunkte[[#This Row],[Versuch]]=0,"",Gesamtpunkte[[#This Row],[Versuch]]) | E21: {=INDEX(Gesamtpunkte[[Matr.-Nr.]:[Gesamtpunkte ]],_xlfn.XMATCH('3. Notenszenarien'!A21,Gesamtpunkte[Matr.-Nr.],0),5)} -> 76 | F21: {=INDEX($S$4:$S$14,_xlfn.XMATCH(E21,$T$4:$T$14,-1),1)} -> 2 | G21: {=INDEX($S$21:$S$31,_xlfn.XMATCH(E21,$T$21:$T$31,-1),1)} -> 1.7 | H21: {=INDEX($S$38:$S$48,_xlfn.XMATCH(E21,$T$38:$T$48,-1),1)} -> 1.7 | I21: =IF(ISNUMBER(A21),INDEX(F21:H21,1,MATCH($I$5,$F$4:$H$4)),"") -> 2 | J21: =IF(ISNUMBER(A21),INDEX(K21:M21,1,MATCH($I$5,$K$4:$M$4)),"") -> 0.5 | K21: {=INDEX($T$4:$T$14,_xlfn.XMATCH(E21,$T$4:$T$14,1))-E21} -> 0.5 | L21: {=INDEX($T$21:$T$31,_xlfn.XMATCH(E21,$T$21:$T$31,1))-E21} -> 4 | M21: {=INDEX($T$38:$T$48,_xlfn.XMATCH(E21,$T$38:$T$48,1))-E21} -> 3 | O21: Bestehensgrenze | P21: 40 | Q21: =P21/P20 -> 0.44444444 | S21: 1 | T21: =T22+P22 -> 85 | U21: =COUNTIF(G6:G1048576,1) -> 1 | V21: =U21/U32 -> 0.035714286 | W21: =SUM(U21:U22) -> 6 | X21: =W21/W32 -> 0.21428571 | Y21: =T21/$P$3 -> 0.94444444
A22: ='2a.Detailpunkte'!D20 -> 3489059 | B22: ='2a.Detailpunkte'!E20 -> Stud23 | C22: ='2a.Detailpunkte'!F20 -> Pseudo | D22: =IF(Gesamtpunkte[[#This Row],[Versuch]]=0,"",Gesamtpunkte[[#This Row],[Versuch]]) | E22: {=INDEX(Gesamtpunkte[[Matr.-Nr.]:[Gesamtpunkte ]],_xlfn.XMATCH('3. Notenszenarien'!A22,Gesamtpunkte[Matr.-Nr.],0),5)} -> 76.5 | F22: {=INDEX($S$4:$S$14,_xlfn.XMATCH(E22,$T$4:$T$14,-1),1)} -> 1.7 | G22: {=INDEX($S$21:$S$31,_xlfn.XMATCH(E22,$T$21:$T$31,-1),1)} -> 1.7 | H22: {=INDEX($S$38:$S$48,_xlfn.XMATCH(E22,$T$38:$T$48,-1),1)} -> 1.7 | I22: =IF(ISNUMBER(A22),INDEX(F22:H22,1,MATCH($I$5,$F$4:$H$4)),"") -> 1.7 | J22: =IF(ISNUMBER(A22),INDEX(K22:M22,1,MATCH($I$5,$K$4:$M$4)),"") -> 0 | K22: {=INDEX($T$4:$T$14,_xlfn.XMATCH(E22,$T$4:$T$14,1))-E22} -> 0 | L22: {=INDEX($T$21:$T$31,_xlfn.XMATCH(E22,$T$21:$T$31,1))-E22} -> 3.5 | M22: {=INDEX($T$38:$T$48,_xlfn.XMATCH(E22,$T$38:$T$48,1))-E22} -> 2.5 | O22: Schrittweite | P22: =ROUND((P20-P21)/COUNT(S21:S30),1) -> 5 | S22: 1.3 | T22: =T23+P22 -> 80 | U22: =COUNTIF(G6:G1048576,1.3) -> 5 | V22: =U22/U32 -> 0.17857143 | Y22: =T22/$P$3 -> 0.88888889
A23: ='2a.Detailpunkte'!D21 -> 3273308 | B23: ='2a.Detailpunkte'!E21 -> Stud05 | C23: ='2a.Detailpunkte'!F21 -> Pseudo | E23: {=INDEX(Gesamtpunkte[[Matr.-Nr.]:[Gesamtpunkte ]],_xlfn.XMATCH('3. Notenszenarien'!A23,Gesamtpunkte[Matr.-Nr.],0),5)} -> 72 | F23: {=INDEX($S$4:$S$14,_xlfn.XMATCH(E23,$T$4:$T$14,-1),1)} -> 2 | G23: {=INDEX($S$21:$S$31,_xlfn.XMATCH(E23,$T$21:$T$31,-1),1)} -> 2 | H23: {=INDEX($S$38:$S$48,_xlfn.XMATCH(E23,$T$38:$T$48,-1),1)} -> 2 | I23: =IF(ISNUMBER(A23),INDEX(F23:H23,1,MATCH($I$5,$F$4:$H$4)),"") -> 2 | J23: =IF(ISNUMBER(A23),INDEX(K23:M23,1,MATCH($I$5,$K$4:$M$4)),"") -> 0 | K23: {=INDEX($T$4:$T$14,_xlfn.XMATCH(E23,$T$4:$T$14,1))-E23} -> 0 | L23: {=INDEX($T$21:$T$31,_xlfn.XMATCH(E23,$T$21:$T$31,1))-E23} -> 3 | M23: {=INDEX($T$38:$T$48,_xlfn.XMATCH(E23,$T$38:$T$48,1))-E23} -> 1.5 | S23: 1.7 | T23: =T24+P22 -> 75 | U23: =COUNTIF(G6:G1048576,1.7) -> 9 | V23: =U23/U32 -> 0.32142857 | W23: =SUM(U23:U25) -> 21 | X23: =W23/W32 -> 0.75 | Y23: =T23/$P$3 -> 0.83333333
A24: ='2a.Detailpunkte'!D22 -> 3361157 | B24: ='2a.Detailpunkte'!E22 -> Stud12 | C24: ='2a.Detailpunkte'!F22 -> Pseudo | D24: =IF(Gesamtpunkte[[#This Row],[Versuch]]=0,"",Gesamtpunkte[[#This Row],[Versuch]]) | E24: {=INDEX(Gesamtpunkte[[Matr.-Nr.]:[Gesamtpunkte ]],_xlfn.XMATCH('3. Notenszenarien'!A24,Gesamtpunkte[Matr.-Nr.],0),5)} -> 83 | F24: {=INDEX($S$4:$S$14,_xlfn.XMATCH(E24,$T$4:$T$14,-1),1)} -> 1.3 | G24: {=INDEX($S$21:$S$31,_xlfn.XMATCH(E24,$T$21:$T$31,-1),1)} -> 1.3 | H24: {=INDEX($S$38:$S$48,_xlfn.XMATCH(E24,$T$38:$T$48,-1),1)} -> 1.3 | I24: =IF(ISNUMBER(A24),INDEX(F24:H24,1,MATCH($I$5,$F$4:$H$4)),"") -> 1.3 | J24: =IF(ISNUMBER(A24),INDEX(K24:M24,1,MATCH($I$5,$K$4:$M$4)),"") -> 2.5 | K24: {=INDEX($T$4:$T$14,_xlfn.XMATCH(E24,$T$4:$T$14,1))-E24} -> 2.5 | L24: {=INDEX($T$21:$T$31,_xlfn.XMATCH(E24,$T$21:$T$31,1))-E24} -> 2 | M24: {=INDEX($T$38:$T$48,_xlfn.XMATCH(E24,$T$38:$T$48,1))-E24} -> 1.5 | O24: Statistiken | P24: Punkte | Q24: Note | S24: 2 | T24: =T25+P22 -> 70 | U24: =COUNTIF(G6:G1048576,2) -> 10 | V24: =U24/U32 -> 0.35714286 | Y24: =T24/$P$3 -> 0.77777778
A25: ='2a.Detailpunkte'!D23 -> 3475876 | B25: ='2a.Detailpunkte'!E23 -> Stud18 | C25: ='2a.Detailpunkte'!F23 -> Pseudo | D25: =IF(Gesamtpunkte[[#This Row],[Versuch]]=0,"",Gesamtpunkte[[#This Row],[Versuch]]) | E25: {=INDEX(Gesamtpunkte[[Matr.-Nr.]:[Gesamtpunkte ]],_xlfn.XMATCH('3. Notenszenarien'!A25,Gesamtpunkte[Matr.-Nr.],0),5)} -> 83 | F25: {=INDEX($S$4:$S$14,_xlfn.XMATCH(E25,$T$4:$T$14,-1),1)} -> 1.3 | G25: {=INDEX($S$21:$S$31,_xlfn.XMATCH(E25,$T$21:$T$31,-1),1)} -> 1.3 | H25: {=INDEX($S$38:$S$48,_xlfn.XMATCH(E25,$T$38:$T$48,-1),1)} -> 1.3 | I25: =IF(ISNUMBER(A25),INDEX(F25:H25,1,MATCH($I$5,$F$4:$H$4)),"") -> 1.3 | J25: =IF(ISNUMBER(A25),INDEX(K25:M25,1,MATCH($I$5,$K$4:$M$4)),"") -> 2.5 | K25: {=INDEX($T$4:$T$14,_xlfn.XMATCH(E25,$T$4:$T$14,1))-E25} -> 2.5 | L25: {=INDEX($T$21:$T$31,_xlfn.XMATCH(E25,$T$21:$T$31,1))-E25} -> 2 | M25: {=INDEX($T$38:$T$48,_xlfn.XMATCH(E25,$T$38:$T$48,1))-E25} -> 1.5 | O25: beste Arbeit | P25: {=MAX(IF(ISNUMBER($E$6:$E$1048576),$E$6:$E$1048576))} -> 87 | Q25: {=INDEX($S$21:$S$31,_xlfn.XMATCH(P25,$T$21:$T$31,-1))} -> 1 | S25: 2.3 | T25: =T26+P22 -> 65 | U25: =COUNTIF(G6:G1048576,2.3) -> 2 | V25: =U25/U32 -> 0.071428571 | Y25: =T25/$P$3 -> 0.72222222
A26: ='2a.Detailpunkte'!D24 -> 3513589 | B26: ='2a.Detailpunkte'!E24 -> Stud26 | C26: ='2a.Detailpunkte'!F24 -> Pseudo | D26: =IF(Gesamtpunkte[[#This Row],[Versuch]]=0,"",Gesamtpunkte[[#This Row],[Versuch]]) | E26: {=INDEX(Gesamtpunkte[[Matr.-Nr.]:[Gesamtpunkte ]],_xlfn.XMATCH('3. Notenszenarien'!A26,Gesamtpunkte[Matr.-Nr.],0),5)} -> 73.5 | F26: {=INDEX($S$4:$S$14,_xlfn.XMATCH(E26,$T$4:$T$14,-1),1)} -> 2 | G26: {=INDEX($S$21:$S$31,_xlfn.XMATCH(E26,$T$21:$T$31,-1),1)} -> 2 | H26: {=INDEX($S$38:$S$48,_xlfn.XMATCH(E26,$T$38:$T$48,-1),1)} -> 1.7 | I26: =IF(ISNUMBER(A26),INDEX(F26:H26,1,MATCH($I$5,$F$4:$H$4)),"") -> 2 | J26: =IF(ISNUMBER(A26),INDEX(K26:M26,1,MATCH($I$5,$K$4:$M$4)),"") -> 3 | K26: {=INDEX($T$4:$T$14,_xlfn.XMATCH(E26,$T$4:$T$14,1))-E26} -> 3 | L26: {=INDEX($T$21:$T$31,_xlfn.XMATCH(E26,$T$21:$T$31,1))-E26} -> 1.5 | M26: {=INDEX($T$38:$T$48,_xlfn.XMATCH(E26,$T$38:$T$48,1))-E26} -> 0 | O26: Punktedurchschnitt | P26: {=AVERAGE(IF(ISNUMBER($E$6:$E$1048576),$E$6:$E$1048576))} -> 75.517857 | Q26: {=INDEX($S$21:$S$31,_xlfn.XMATCH(P26,$T$21:$T$31,-1))} -> 1.7 | S26: 2.7 | T26: =T27+P22 -> 60 | U26: =COUNTIF(G6:G1048576,2.7) -> 1 | V26: =U26/U32 -> 0.035714286 | W26: =SUM(U26:U28) -> 1 | X26: =W26/W32 -> 0.035714286 | Y26: =T26/$P$3 -> 0.66666667
A27: ='2a.Detailpunkte'!D25 -> 3173903 | B27: ='2a.Detailpunkte'!E25 -> Stud01 | C27: ='2a.Detailpunkte'!F25 -> Pseudo | D27: =IF(Gesamtpunkte[[#This Row],[Versuch]]=0,"",Gesamtpunkte[[#This Row],[Versuch]]) | E27: {=INDEX(Gesamtpunkte[[Matr.-Nr.]:[Gesamtpunkte ]],_xlfn.XMATCH('3. Notenszenarien'!A27,Gesamtpunkte[Matr.-Nr.],0),5)} -> 77.5 | F27: {=INDEX($S$4:$S$14,_xlfn.XMATCH(E27,$T$4:$T$14,-1),1)} -> 1.7 | G27: {=INDEX($S$21:$S$31,_xlfn.XMATCH(E27,$T$21:$T$31,-1),1)} -> 1.7 | H27: {=INDEX($S$38:$S$48,_xlfn.XMATCH(E27,$T$38:$T$48,-1),1)} -> 1.7 | I27: =IF(ISNUMBER(A27),INDEX(F27:H27,1,MATCH($I$5,$F$4:$H$4)),"") -> 1.7 | J27: =IF(ISNUMBER(A27),INDEX(K27:M27,1,MATCH($I$5,$K$4:$M$4)),"") -> 3.5 | K27: {=INDEX($T$4:$T$14,_xlfn.XMATCH(E27,$T$4:$T$14,1))-E27} -> 3.5 | L27: {=INDEX($T$21:$T$31,_xlfn.XMATCH(E27,$T$21:$T$31,1))-E27} -> 2.5 | M27: {=INDEX($T$38:$T$48,_xlfn.XMATCH(E27,$T$38:$T$48,1))-E27} -> 1.5 | O27: Median (Punkte) | P27: {=MEDIAN(IF(ISNUMBER($E$6:$E$1048576),$E$6:$E$1048576))} -> 75.75 | Q27: {=INDEX($S$21:$S$31,_xlfn.XMATCH(P27,$T$21:$T$31,-1))} -> 1.7 | S27: 3 | T27: =T28+P22 -> 55 | U27: =COUNTIF(G6:G1048576,3) -> 0 | V27: =U27/U32 -> 0 | Y27: =T27/$P$3 -> 0.61111111
A28: ='2a.Detailpunkte'!D26 -> 3312357 | B28: ='2a.Detailpunkte'!E26 -> Stud09 | C28: ='2a.Detailpunkte'!F26 -> Pseudo | D28: =IF(Gesamtpunkte[[#This Row],[Versuch]]=0,"",Gesamtpunkte[[#This Row],[Versuch]]) | E28: {=INDEX(Gesamtpunkte[[Matr.-Nr.]:[Gesamtpunkte ]],_xlfn.XMATCH('3. Notenszenarien'!A28,Gesamtpunkte[Matr.-Nr.],0),5)} -> 84 | F28: {=INDEX($S$4:$S$14,_xlfn.XMATCH(E28,$T$4:$T$14,-1),1)} -> 1.3 | G28: {=INDEX($S$21:$S$31,_xlfn.XMATCH(E28,$T$21:$T$31,-1),1)} -> 1.3 | H28: {=INDEX($S$38:$S$48,_xlfn.XMATCH(E28,$T$38:$T$48,-1),1)} -> 1.3 | I28: =IF(ISNUMBER(A28),INDEX(F28:H28,1,MATCH($I$5,$F$4:$H$4)),"") -> 1.3 | J28: =IF(ISNUMBER(A28),INDEX(K28:M28,1,MATCH($I$5,$K$4:$M$4)),"") -> 1.5 | K28: {=INDEX($T$4:$T$14,_xlfn.XMATCH(E28,$T$4:$T$14,1))-E28} -> 1.5 | L28: {=INDEX($T$21:$T$31,_xlfn.XMATCH(E28,$T$21:$T$31,1))-E28} -> 1 | M28: {=INDEX($T$38:$T$48,_xlfn.XMATCH(E28,$T$38:$T$48,1))-E28} -> 0.5 | O28: Notendurchschnitt | P28: - | Q28: {=AVERAGE(IF(ISNUMBER(G6:G350),G6:G350))} -> 1.7892857 | S28: 3.3 | T28: =T29+P22 -> 50 | U28: =COUNTIF(G6:G1048576,3.3) -> 0 | V28: =U28/U32 -> 0 | Y28: =T28/$P$3 -> 0.55555556
A29: ='2a.Detailpunkte'!D27 -> 3269604 | B29: ='2a.Detailpunkte'!E27 -> Stud04 | C29: ='2a.Detailpunkte'!F27 -> Pseudo | D29: =IF(Gesamtpunkte[[#This Row],[Versuch]]=0,"",Gesamtpunkte[[#This Row],[Versuch]]) | E29: {=INDEX(Gesamtpunkte[[Matr.-Nr.]:[Gesamtpunkte ]],_xlfn.XMATCH('3. Notenszenarien'!A29,Gesamtpunkte[Matr.-Nr.],0),5)} -> 84.5 | F29: {=INDEX($S$4:$S$14,_xlfn.XMATCH(E29,$T$4:$T$14,-1),1)} -> 1.3 | G29: {=INDEX($S$21:$S$31,_xlfn.XMATCH(E29,$T$21:$T$31,-1),1)} -> 1.3 | H29: {=INDEX($S$38:$S$48,_xlfn.XMATCH(E29,$T$38:$T$48,-1),1)} -> 1 | I29: =IF(ISNUMBER(A29),INDEX(F29:H29,1,MATCH($I$5,$F$4:$H$4)),"") -> 1.3 | J29: =IF(ISNUMBER(A29),INDEX(K29:M29,1,MATCH($I$5,$K$4:$M$4)),"") -> 1 | K29: {=INDEX($T$4:$T$14,_xlfn.XMATCH(E29,$T$4:$T$14,1))-E29} -> 1 | L29: {=INDEX($T$21:$T$31,_xlfn.XMATCH(E29,$T$21:$T$31,1))-E29} -> 0.5 | M29: {=INDEX($T$38:$T$48,_xlfn.XMATCH(E29,$T$38:$T$48,1))-E29} -> 0 | O29: Median (Noten) | P29: - | Q29: {=MEDIAN(IF(ISNUMBER(G6:G350),G6:G350))} -> 1.7 | S29: 3.7 | T29: =T30+P22 -> 45 | U29: =COUNTIF(G6:G1048576,3.7) -> 0 | V29: =U29/U32 -> 0 | W29: =SUM(U29:U30) -> 0 | X29: =W29/W32 -> 0 | Y29: =T29/$P$3 -> 0.5
A30: ='2a.Detailpunkte'!D28 -> 3274772 | B30: ='2a.Detailpunkte'!E28 -> Stud06 | C30: ='2a.Detailpunkte'!F28 -> Pseudo | D30: =IF(Gesamtpunkte[[#This Row],[Versuch]]=0,"",Gesamtpunkte[[#This Row],[Versuch]]) | E30: {=INDEX(Gesamtpunkte[[Matr.-Nr.]:[Gesamtpunkte ]],_xlfn.XMATCH('3. Notenszenarien'!A30,Gesamtpunkte[Matr.-Nr.],0),5)} -> 70.5 | F30: {=INDEX($S$4:$S$14,_xlfn.XMATCH(E30,$T$4:$T$14,-1),1)} -> 2.3 | G30: {=INDEX($S$21:$S$31,_xlfn.XMATCH(E30,$T$21:$T$31,-1),1)} -> 2 | H30: {=INDEX($S$38:$S$48,_xlfn.XMATCH(E30,$T$38:$T$48,-1),1)} -> 2 | I30: =IF(ISNUMBER(A30),INDEX(F30:H30,1,MATCH($I$5,$F$4:$H$4)),"") -> 2.3 | J30: =IF(ISNUMBER(A30),INDEX(K30:M30,1,MATCH($I$5,$K$4:$M$4)),"") -> 1.5 | K30: {=INDEX($T$4:$T$14,_xlfn.XMATCH(E30,$T$4:$T$14,1))-E30} -> 1.5 | L30: {=INDEX($T$21:$T$31,_xlfn.XMATCH(E30,$T$21:$T$31,1))-E30} -> 4.5 | M30: {=INDEX($T$38:$T$48,_xlfn.XMATCH(E30,$T$38:$T$48,1))-E30} -> 3 | S30: 4 | T30: =P21 -> 40 | U30: =COUNTIF(G6:G1048576,4) -> 0 | V30: =U30/U32 -> 0 | Y30: =T30/$P$3 -> 0.44444444
A31: ='2a.Detailpunkte'!D29 -> 3514106 | B31: ='2a.Detailpunkte'!E29 -> Stud27 | C31: ='2a.Detailpunkte'!F29 -> Pseudo | E31: {=INDEX(Gesamtpunkte[[Matr.-Nr.]:[Gesamtpunkte ]],_xlfn.XMATCH('3. Notenszenarien'!A31,Gesamtpunkte[Matr.-Nr.],0),5)} -> 61.5 | F31: {=INDEX($S$4:$S$14,_xlfn.XMATCH(E31,$T$4:$T$14,-1),1)} -> 3 | G31: {=INDEX($S$21:$S$31,_xlfn.XMATCH(E31,$T$21:$T$31,-1),1)} -> 2.7 | H31: {=INDEX($S$38:$S$48,_xlfn.XMATCH(E31,$T$38:$T$48,-1),1)} -> 2.7 | I31: =IF(ISNUMBER(A31),INDEX(F31:H31,1,MATCH($I$5,$F$4:$H$4)),"") -> 3 | J31: =IF(ISNUMBER(A31),INDEX(K31:M31,1,MATCH($I$5,$K$4:$M$4)),"") -> 1.5 | K31: {=INDEX($T$4:$T$14,_xlfn.XMATCH(E31,$T$4:$T$14,1))-E31} -> 1.5 | L31: {=INDEX($T$21:$T$31,_xlfn.XMATCH(E31,$T$21:$T$31,1))-E31} -> 3.5 | M31: {=INDEX($T$38:$T$48,_xlfn.XMATCH(E31,$T$38:$T$48,1))-E31} -> 1 | S31: 5 | T31: 0 | U31: =COUNTIF(G6:G1048576,5) -> 0 | V31: =U31/U32 -> 0 | W31: =U31 -> 0 | X31: =W31/W32 -> 0 | Y31: =T31/$P$3 -> 0
A32: ='2a.Detailpunkte'!D30 -> 3477713 | B32: ='2a.Detailpunkte'!E30 -> Stud19 | C32: ='2a.Detailpunkte'!F30 -> Pseudo | D32: =IF(Gesamtpunkte[[#This Row],[Versuch]]=0,"",Gesamtpunkte[[#This Row],[Versuch]]) | E32: {=INDEX(Gesamtpunkte[[Matr.-Nr.]:[Gesamtpunkte ]],_xlfn.XMATCH('3. Notenszenarien'!A32,Gesamtpunkte[Matr.-Nr.],0),5)} -> 74.5 | F32: {=INDEX($S$4:$S$14,_xlfn.XMATCH(E32,$T$4:$T$14,-1),1)} -> 2 | G32: {=INDEX($S$21:$S$31,_xlfn.XMATCH(E32,$T$21:$T$31,-1),1)} -> 2 | H32: {=INDEX($S$38:$S$48,_xlfn.XMATCH(E32,$T$38:$T$48,-1),1)} -> 1.7 | I32: =IF(ISNUMBER(A32),INDEX(F32:H32,1,MATCH($I$5,$F$4:$H$4)),"") -> 2 | J32: =IF(ISNUMBER(A32),INDEX(K32:M32,1,MATCH($I$5,$K$4:$M$4)),"") -> 2 | K32: {=INDEX($T$4:$T$14,_xlfn.XMATCH(E32,$T$4:$T$14,1))-E32} -> 2 | L32: {=INDEX($T$21:$T$31,_xlfn.XMATCH(E32,$T$21:$T$31,1))-E32} -> 0.5 | M32: {=INDEX($T$38:$T$48,_xlfn.XMATCH(E32,$T$38:$T$48,1))-E32} -> 4.5 | U32: =SUM(U21:U31) -> 28 | V32: =SUM(V21:V31) -> 1 | W32: =W21+W23+W26+W29+W31 -> 28 | X32: =X21+X23+X26+X29+X31 -> 1
A33: ='2a.Detailpunkte'!D31 -> 3491126 | B33: ='2a.Detailpunkte'!E31 -> Stud24 | C33: ='2a.Detailpunkte'!F31 -> Pseudo | D33: =IF(Gesamtpunkte[[#This Row],[Versuch]]=0,"",Gesamtpunkte[[#This Row],[Versuch]]) | E33: {=INDEX(Gesamtpunkte[[Matr.-Nr.]:[Gesamtpunkte ]],_xlfn.XMATCH('3. Notenszenarien'!A33,Gesamtpunkte[Matr.-Nr.],0),5)} -> 78 | F33: {=INDEX($S$4:$S$14,_xlfn.XMATCH(E33,$T$4:$T$14,-1),1)} -> 1.7 | G33: {=INDEX($S$21:$S$31,_xlfn.XMATCH(E33,$T$21:$T$31,-1),1)} -> 1.7 | H33: {=INDEX($S$38:$S$48,_xlfn.XMATCH(E33,$T$38:$T$48,-1),1)} -> 1.7 | I33: =IF(ISNUMBER(A33),INDEX(F33:H33,1,MATCH($I$5,$F$4:$H$4)),"") -> 1.7 | J33: =IF(ISNUMBER(A33),INDEX(K33:M33,1,MATCH($I$5,$K$4:$M$4)),"") -> 3 | K33: {=INDEX($T$4:$T$14,_xlfn.XMATCH(E33,$T$4:$T$14,1))-E33} -> 3 | L33: {=INDEX($T$21:$T$31,_xlfn.XMATCH(E33,$T$21:$T$31,1))-E33} -> 2 | M33: {=INDEX($T$38:$T$48,_xlfn.XMATCH(E33,$T$38:$T$48,1))-E33} -> 1
A34: ='2a.Detailpunkte'!D32 -> #N/A | B34: ='2a.Detailpunkte'!E32 -> 0 | C34: ='2a.Detailpunkte'!F32 -> 0 | D34: =IF(Gesamtpunkte[[#This Row],[Versuch]]=0,"",Gesamtpunkte[[#This Row],[Versuch]]) | E34: {=INDEX(Gesamtpunkte[[Matr.-Nr.]:[Gesamtpunkte ]],_xlfn.XMATCH('3. Notenszenarien'!A34,Gesamtpunkte[Matr.-Nr.],0),5)} -> #N/A | F34: {=INDEX($S$4:$S$14,_xlfn.XMATCH(E34,$T$4:$T$14,-1),1)} -> #N/A | G34: {=INDEX($S$21:$S$31,_xlfn.XMATCH(E34,$T$21:$T$31,-1),1)} -> #N/A | H34: {=INDEX($S$38:$S$48,_xlfn.XMATCH(E34,$T$38:$T$48,-1),1)} -> #N/A | I34: =IF(ISNUMBER(A34),INDEX(F34:H34,1,MATCH($I$5,$F$4:$H$4)),"") | J34: =IF(ISNUMBER(A34),INDEX(K34:M34,1,MATCH($I$5,$K$4:$M$4)),"") | K34: {=INDEX($T$4:$T$14,_xlfn.XMATCH(E34,$T$4:$T$14,1))-E34} -> #N/A | L34: {=INDEX($T$21:$T$31,_xlfn.XMATCH(E34,$T$21:$T$31,1))-E34} -> #N/A | M34: {=INDEX($T$38:$T$48,_xlfn.XMATCH(E34,$T$38:$T$48,1))-E34} -> #N/A
A35: ='2a.Detailpunkte'!D33 -> #N/A | B35: ='2a.Detailpunkte'!E33 -> 0 | C35: ='2a.Detailpunkte'!F33 -> 0 | D35: =IF(Gesamtpunkte[[#This Row],[Versuch]]=0,"",Gesamtpunkte[[#This Row],[Versuch]]) | E35: {=INDEX(Gesamtpunkte[[Matr.-Nr.]:[Gesamtpunkte ]],_xlfn.XMATCH('3. Notenszenarien'!A35,Gesamtpunkte[Matr.-Nr.],0),5)} -> #N/A | F35: {=INDEX($S$4:$S$14,_xlfn.XMATCH(E35,$T$4:$T$14,-1),1)} -> #N/A | G35: {=INDEX($S$21:$S$31,_xlfn.XMATCH(E35,$T$21:$T$31,-1),1)} -> #N/A | H35: {=INDEX($S$38:$S$48,_xlfn.XMATCH(E35,$T$38:$T$48,-1),1)} -> #N/A | I35: =IF(ISNUMBER(A35),INDEX(F35:H35,1,MATCH($I$5,$F$4:$H$4)),"") | J35: =IF(ISNUMBER(A35),INDEX(K35:M35,1,MATCH($I$5,$K$4:$M$4)),"") | K35: {=INDEX($T$4:$T$14,_xlfn.XMATCH(E35,$T$4:$T$14,1))-E35} -> #N/A | L35: {=INDEX($T$21:$T$31,_xlfn.XMATCH(E35,$T$21:$T$31,1))-E35} -> #N/A | M35: {=INDEX($T$38:$T$48,_xlfn.XMATCH(E35,$T$38:$T$48,1))-E35} -> #N/A
A36: ='2a.Detailpunkte'!D34 -> #N/A | B36: ='2a.Detailpunkte'!E34 -> 0 | C36: ='2a.Detailpunkte'!F34 -> 0 | D36: =IF(Gesamtpunkte[[#This Row],[Versuch]]=0,"",Gesamtpunkte[[#This Row],[Versuch]]) | E36: {=INDEX(Gesamtpunkte[[Matr.-Nr.]:[Gesamtpunkte ]],_xlfn.XMATCH('3. Notenszenarien'!A36,Gesamtpunkte[Matr.-Nr.],0),5)} -> #N/A | F36: {=INDEX($S$4:$S$14,_xlfn.XMATCH(E36,$T$4:$T$14,-1),1)} -> #N/A | G36: {=INDEX($S$21:$S$31,_xlfn.XMATCH(E36,$T$21:$T$31,-1),1)} -> #N/A | H36: {=INDEX($S$38:$S$48,_xlfn.XMATCH(E36,$T$38:$T$48,-1),1)} -> #N/A | I36: =IF(ISNUMBER(A36),INDEX(F36:H36,1,MATCH($I$5,$F$4:$H$4)),"") | J36: =IF(ISNUMBER(A36),INDEX(K36:M36,1,MATCH($I$5,$K$4:$M$4)),"") | K36: {=INDEX($T$4:$T$14,_xlfn.XMATCH(E36,$T$4:$T$14,1))-E36} -> #N/A | L36: {=INDEX($T$21:$T$31,_xlfn.XMATCH(E36,$T$21:$T$31,1))-E36} -> #N/A | M36: {=INDEX($T$38:$T$48,_xlfn.XMATCH(E36,$T$38:$T$48,1))-E36} -> #N/A | O36: ="Szenario 3: "&P38&" Punkte - "&TEXT(Q38,"0.0%") -> Szenario 3: 35 Punkte - 39% | S36: ="Szenario 3: "&P38&" Punkte - Stand: "&TEXT(TODAY(),"JJJJ-MM-TT hh:MM")& " (Schrittweite: "&P39&" Punkte)" -> Szenario 3: 35 Punkte - Stand: 2026-07-17 00:00 (Schrittweite: 5,5 Punkte)
A37: ='2a.Detailpunkte'!D35 -> #N/A | B37: ='2a.Detailpunkte'!E35 -> 0 | C37: ='2a.Detailpunkte'!F35 -> 0 | D37: =IF(Gesamtpunkte[[#This Row],[Versuch]]=0,"",Gesamtpunkte[[#This Row],[Versuch]]) | E37: {=INDEX(Gesamtpunkte[[Matr.-Nr.]:[Gesamtpunkte ]],_xlfn.XMATCH('3. Notenszenarien'!A37,Gesamtpunkte[Matr.-Nr.],0),5)} -> #N/A | F37: {=INDEX($S$4:$S$14,_xlfn.XMATCH(E37,$T$4:$T$14,-1),1)} -> #N/A | G37: {=INDEX($S$21:$S$31,_xlfn.XMATCH(E37,$T$21:$T$31,-1),1)} -> #N/A | H37: {=INDEX($S$38:$S$48,_xlfn.XMATCH(E37,$T$38:$T$48,-1),1)} -> #N/A | I37: =IF(ISNUMBER(A37),INDEX(F37:H37,1,MATCH($I$5,$F$4:$H$4)),"") | J37: =IF(ISNUMBER(A37),INDEX(K37:M37,1,MATCH($I$5,$K$4:$M$4)),"") | K37: {=INDEX($T$4:$T$14,_xlfn.XMATCH(E37,$T$4:$T$14,1))-E37} -> #N/A | L37: {=INDEX($T$21:$T$31,_xlfn.XMATCH(E37,$T$21:$T$31,1))-E37} -> #N/A | M37: {=INDEX($T$38:$T$48,_xlfn.XMATCH(E37,$T$38:$T$48,1))-E37} -> #N/A | O37: Gesamtpunkte | P37: 90 | S37: Note | T37: Note ab | U37: Anzahl | V37: Anteil | W37: Anzahl | X37: Anteil
A38: ='2a.Detailpunkte'!D36 -> #N/A | B38: ='2a.Detailpunkte'!E36 -> 0 | C38: ='2a.Detailpunkte'!F36 -> 0 | D38: =IF(Gesamtpunkte[[#This Row],[Versuch]]=0,"",Gesamtpunkte[[#This Row],[Versuch]]) | E38: {=INDEX(Gesamtpunkte[[Matr.-Nr.]:[Gesamtpunkte ]],_xlfn.XMATCH('3. Notenszenarien'!A38,Gesamtpunkte[Matr.-Nr.],0),5)} -> #N/A | F38: {=INDEX($S$4:$S$14,_xlfn.XMATCH(E38,$T$4:$T$14,-1),1)} -> #N/A | G38: {=INDEX($S$21:$S$31,_xlfn.XMATCH(E38,$T$21:$T$31,-1),1)} -> #N/A | H38: {=INDEX($S$38:$S$48,_xlfn.XMATCH(E38,$T$38:$T$48,-1),1)} -> #N/A | I38: =IF(ISNUMBER(A38),INDEX(F38:H38,1,MATCH($I$5,$F$4:$H$4)),"") | J38: =IF(ISNUMBER(A38),INDEX(K38:M38,1,MATCH($I$5,$K$4:$M$4)),"") | K38: {=INDEX($T$4:$T$14,_xlfn.XMATCH(E38,$T$4:$T$14,1))-E38} -> #N/A | L38: {=INDEX($T$21:$T$31,_xlfn.XMATCH(E38,$T$21:$T$31,1))-E38} -> #N/A | M38: {=INDEX($T$38:$T$48,_xlfn.XMATCH(E38,$T$38:$T$48,1))-E38} -> #N/A | O38: Bestehensgrenze | P38: 35 | Q38: =P38/P37 -> 0.38888889 | S38: 1 | T38: =T39+P39 -> 84.5 | U38: =COUNTIF(H6:H1048576,1) -> 2 | V38: =U38/U49 -> 0.071428571 | W38: =SUM(U38:U39) -> 7 | X38: =W38/W49 -> 0.25 | Y38: =T38/$P$3 -> 0.93888889
A39: ='2a.Detailpunkte'!D37 -> #N/A | B39: ='2a.Detailpunkte'!E37 -> 0 | C39: ='2a.Detailpunkte'!F37 -> 0 | D39: =IF(Gesamtpunkte[[#This Row],[Versuch]]=0,"",Gesamtpunkte[[#This Row],[Versuch]]) | E39: {=INDEX(Gesamtpunkte[[Matr.-Nr.]:[Gesamtpunkte ]],_xlfn.XMATCH('3. Notenszenarien'!A39,Gesamtpunkte[Matr.-Nr.],0),5)} -> #N/A | F39: {=INDEX($S$4:$S$14,_xlfn.XMATCH(E39,$T$4:$T$14,-1),1)} -> #N/A | G39: {=INDEX($S$21:$S$31,_xlfn.XMATCH(E39,$T$21:$T$31,-1),1)} -> #N/A | H39: {=INDEX($S$38:$S$48,_xlfn.XMATCH(E39,$T$38:$T$48,-1),1)} -> #N/A | I39: =IF(ISNUMBER(A39),INDEX(F39:H39,1,MATCH($I$5,$F$4:$H$4)),"") | J39: =IF(ISNUMBER(A39),INDEX(K39:M39,1,MATCH($I$5,$K$4:$M$4)),"") | K39: {=INDEX($T$4:$T$14,_xlfn.XMATCH(E39,$T$4:$T$14,1))-E39} -> #N/A | L39: {=INDEX($T$21:$T$31,_xlfn.XMATCH(E39,$T$21:$T$31,1))-E39} -> #N/A | M39: {=INDEX($T$38:$T$48,_xlfn.XMATCH(E39,$T$38:$T$48,1))-E39} -> #N/A | O39: Schrittweite | P39: =ROUND((P37-P38)/COUNT(S38:S47),1) -> 5.5 | S39: 1.3 | T39: =T40+P39 -> 79 | U39: =COUNTIF(H6:H1048576,1.3) -> 5 | V39: =U39/U49 -> 0.17857143 | Y39: =T39/$P$3 -> 0.87777778
A40: ='2a.Detailpunkte'!D38 -> #N/A | B40: ='2a.Detailpunkte'!E38 -> 0 | C40: ='2a.Detailpunkte'!F38 -> 0 | D40: =IF(Gesamtpunkte[[#This Row],[Versuch]]=0,"",Gesamtpunkte[[#This Row],[Versuch]]) | E40: {=INDEX(Gesamtpunkte[[Matr.-Nr.]:[Gesamtpunkte ]],_xlfn.XMATCH('3. Notenszenarien'!A40,Gesamtpunkte[Matr.-Nr.],0),5)} -> #N/A | F40: {=INDEX($S$4:$S$14,_xlfn.XMATCH(E40,$T$4:$T$14,-1),1)} -> #N/A | G40: {=INDEX($S$21:$S$31,_xlfn.XMATCH(E40,$T$21:$T$31,-1),1)} -> #N/A | H40: {=INDEX($S$38:$S$48,_xlfn.XMATCH(E40,$T$38:$T$48,-1),1)} -> #N/A | I40: =IF(ISNUMBER(A40),INDEX(F40:H40,1,MATCH($I$5,$F$4:$H$4)),"") | J40: =IF(ISNUMBER(A40),INDEX(K40:M40,1,MATCH($I$5,$K$4:$M$4)),"") | K40: {=INDEX($T$4:$T$14,_xlfn.XMATCH(E40,$T$4:$T$14,1))-E40} -> #N/A | L40: {=INDEX($T$21:$T$31,_xlfn.XMATCH(E40,$T$21:$T$31,1))-E40} -> #N/A | M40: {=INDEX($T$38:$T$48,_xlfn.XMATCH(E40,$T$38:$T$48,1))-E40} -> #N/A | S40: 1.7 | T40: =T41+P39 -> 73.5 | U40: =COUNTIF(H6:H1048576,1.7) -> 11 | V40: =U40/U49 -> 0.39285714 | W40: =SUM(U40:U42) -> 20 | X40: =W40/W49 -> 0.71428571 | Y40: =T40/$P$3 -> 0.81666667
A41: ='2a.Detailpunkte'!D39 -> #N/A | B41: ='2a.Detailpunkte'!E39 -> 0 | C41: ='2a.Detailpunkte'!F39 -> 0 | D41: =IF(Gesamtpunkte[[#This Row],[Versuch]]=0,"",Gesamtpunkte[[#This Row],[Versuch]]) | E41: {=INDEX(Gesamtpunkte[[Matr.-Nr.]:[Gesamtpunkte ]],_xlfn.XMATCH('3. Notenszenarien'!A41,Gesamtpunkte[Matr.-Nr.],0),5)} -> #N/A | F41: {=INDEX($S$4:$S$14,_xlfn.XMATCH(E41,$T$4:$T$14,-1),1)} -> #N/A | G41: {=INDEX($S$21:$S$31,_xlfn.XMATCH(E41,$T$21:$T$31,-1),1)} -> #N/A | H41: {=INDEX($S$38:$S$48,_xlfn.XMATCH(E41,$T$38:$T$48,-1),1)} -> #N/A | I41: =IF(ISNUMBER(A41),INDEX(F41:H41,1,MATCH($I$5,$F$4:$H$4)),"") | J41: =IF(ISNUMBER(A41),INDEX(K41:M41,1,MATCH($I$5,$K$4:$M$4)),"") | K41: {=INDEX($T$4:$T$14,_xlfn.XMATCH(E41,$T$4:$T$14,1))-E41} -> #N/A | L41: {=INDEX($T$21:$T$31,_xlfn.XMATCH(E41,$T$21:$T$31,1))-E41} -> #N/A | M41: {=INDEX($T$38:$T$48,_xlfn.XMATCH(E41,$T$38:$T$48,1))-E41} -> #N/A | O41: Statistiken | P41: Punkte | Q41: Note | S41: 2 | T41: =T42+P39 -> 68 | U41: =COUNTIF(H6:H1048576,2) -> 8 | V41: =U41/U49 -> 0.28571429 | Y41: =T41/$P$3 -> 0.75555556
A42: ='2a.Detailpunkte'!D40 -> #N/A | B42: ='2a.Detailpunkte'!E40 -> 0 | C42: ='2a.Detailpunkte'!F40 -> 0 | D42: =IF(Gesamtpunkte[[#This Row],[Versuch]]=0,"",Gesamtpunkte[[#This Row],[Versuch]]) | E42: {=INDEX(Gesamtpunkte[[Matr.-Nr.]:[Gesamtpunkte ]],_xlfn.XMATCH('3. Notenszenarien'!A42,Gesamtpunkte[Matr.-Nr.],0),5)} -> #N/A | F42: {=INDEX($S$4:$S$14,_xlfn.XMATCH(E42,$T$4:$T$14,-1),1)} -> #N/A | G42: {=INDEX($S$21:$S$31,_xlfn.XMATCH(E42,$T$21:$T$31,-1),1)} -> #N/A | H42: {=INDEX($S$38:$S$48,_xlfn.XMATCH(E42,$T$38:$T$48,-1),1)} -> #N/A | I42: =IF(ISNUMBER(A42),INDEX(F42:H42,1,MATCH($I$5,$F$4:$H$4)),"") | J42: =IF(ISNUMBER(A42),INDEX(K42:M42,1,MATCH($I$5,$K$4:$M$4)),"") | K42: {=INDEX($T$4:$T$14,_xlfn.XMATCH(E42,$T$4:$T$14,1))-E42} -> #N/A | L42: {=INDEX($T$21:$T$31,_xlfn.XMATCH(E42,$T$21:$T$31,1))-E42} -> #N/A | M42: {=INDEX($T$38:$T$48,_xlfn.XMATCH(E42,$T$38:$T$48,1))-E42} -> #N/A | O42: beste Arbeit | P42: {=MAX(IF(ISNUMBER($E$6:$E$1048576),$E$6:$E$1048576))} -> 87 | Q42: {=INDEX($S$38:$S$48,_xlfn.XMATCH(P42,$T$38:$T$48,-1))} -> 1 | S42: 2.3 | T42: =T43+P39 -> 62.5 | U42: =COUNTIF(H6:H1048576,2.3) -> 1 | V42: =U42/U49 -> 0.035714286 | Y42: =T42/$P$3 -> 0.69444444
A43: ='2a.Detailpunkte'!D41 -> #N/A | B43: ='2a.Detailpunkte'!E41 -> 0 | C43: ='2a.Detailpunkte'!F41 -> 0 | D43: =IF(Gesamtpunkte[[#This Row],[Versuch]]=0,"",Gesamtpunkte[[#This Row],[Versuch]]) | E43: {=INDEX(Gesamtpunkte[[Matr.-Nr.]:[Gesamtpunkte ]],_xlfn.XMATCH('3. Notenszenarien'!A43,Gesamtpunkte[Matr.-Nr.],0),5)} -> #N/A | F43: {=INDEX($S$4:$S$14,_xlfn.XMATCH(E43,$T$4:$T$14,-1),1)} -> #N/A | G43: {=INDEX($S$21:$S$31,_xlfn.XMATCH(E43,$T$21:$T$31,-1),1)} -> #N/A | H43: {=INDEX($S$38:$S$48,_xlfn.XMATCH(E43,$T$38:$T$48,-1),1)} -> #N/A | I43: =IF(ISNUMBER(A43),INDEX(F43:H43,1,MATCH($I$5,$F$4:$H$4)),"") | J43: =IF(ISNUMBER(A43),INDEX(K43:M43,1,MATCH($I$5,$K$4:$M$4)),"") | K43: {=INDEX($T$4:$T$14,_xlfn.XMATCH(E43,$T$4:$T$14,1))-E43} -> #N/A | L43: {=INDEX($T$21:$T$31,_xlfn.XMATCH(E43,$T$21:$T$31,1))-E43} -> #N/A | M43: {=INDEX($T$38:$T$48,_xlfn.XMATCH(E43,$T$38:$T$48,1))-E43} -> #N/A | O43: Punktedurchschnitt | P43: {=AVERAGE(IF(ISNUMBER($E$6:$E$1048576),$E$6:$E$1048576))} -> 75.517857 | Q43: {=INDEX($S$38:$S$48,_xlfn.XMATCH(P43,$T$38:$T$48,-1))} -> 1.7 | S43: 2.7 | T43: =T44+P39 -> 57 | U43: =COUNTIF(H6:H1048576,2.7) -> 1 | V43: =U43/U49 -> 0.035714286 | W43: =SUM(U43:U45) -> 1 | X43: =W43/W49 -> 0.035714286 | Y43: =T43/$P$3 -> 0.63333333
A44: ='2a.Detailpunkte'!D42 -> #N/A | B44: ='2a.Detailpunkte'!E42 -> 0 | C44: ='2a.Detailpunkte'!F42 -> 0 | D44: =IF(Gesamtpunkte[[#This Row],[Versuch]]=0,"",Gesamtpunkte[[#This Row],[Versuch]]) | E44: {=INDEX(Gesamtpunkte[[Matr.-Nr.]:[Gesamtpunkte ]],_xlfn.XMATCH('3. Notenszenarien'!A44,Gesamtpunkte[Matr.-Nr.],0),5)} -> #N/A | F44: {=INDEX($S$4:$S$14,_xlfn.XMATCH(E44,$T$4:$T$14,-1),1)} -> #N/A | G44: {=INDEX($S$21:$S$31,_xlfn.XMATCH(E44,$T$21:$T$31,-1),1)} -> #N/A | H44: {=INDEX($S$38:$S$48,_xlfn.XMATCH(E44,$T$38:$T$48,-1),1)} -> #N/A | I44: =IF(ISNUMBER(A44),INDEX(F44:H44,1,MATCH($I$5,$F$4:$H$4)),"") | J44: =IF(ISNUMBER(A44),INDEX(K44:M44,1,MATCH($I$5,$K$4:$M$4)),"") | K44: {=INDEX($T$4:$T$14,_xlfn.XMATCH(E44,$T$4:$T$14,1))-E44} -> #N/A | L44: {=INDEX($T$21:$T$31,_xlfn.XMATCH(E44,$T$21:$T$31,1))-E44} -> #N/A | M44: {=INDEX($T$38:$T$48,_xlfn.XMATCH(E44,$T$38:$T$48,1))-E44} -> #N/A | O44: Median (Punkte) | P44: {=MEDIAN(IF(ISNUMBER($E$6:$E$1048576),$E$6:$E$1048576))} -> 75.75 | Q44: {=INDEX($S$38:$S$48,_xlfn.XMATCH(P44,$T$38:$T$48,-1))} -> 1.7 | S44: 3 | T44: =T45+P39 -> 51.5 | U44: =COUNTIF(H6:H1048576,3) -> 0 | V44: =U44/U49 -> 0 | Y44: =T44/$P$3 -> 0.57222222
A45: ='2a.Detailpunkte'!D43 -> #N/A | B45: ='2a.Detailpunkte'!E43 -> 0 | C45: ='2a.Detailpunkte'!F43 -> 0 | D45: =IF(Gesamtpunkte[[#This Row],[Versuch]]=0,"",Gesamtpunkte[[#This Row],[Versuch]]) | E45: {=INDEX(Gesamtpunkte[[Matr.-Nr.]:[Gesamtpunkte ]],_xlfn.XMATCH('3. Notenszenarien'!A45,Gesamtpunkte[Matr.-Nr.],0),5)} -> #N/A | F45: {=INDEX($S$4:$S$14,_xlfn.XMATCH(E45,$T$4:$T$14,-1),1)} -> #N/A | G45: {=INDEX($S$21:$S$31,_xlfn.XMATCH(E45,$T$21:$T$31,-1),1)} -> #N/A | H45: {=INDEX($S$38:$S$48,_xlfn.XMATCH(E45,$T$38:$T$48,-1),1)} -> #N/A | I45: =IF(ISNUMBER(A45),INDEX(F45:H45,1,MATCH($I$5,$F$4:$H$4)),"") | J45: =IF(ISNUMBER(A45),INDEX(K45:M45,1,MATCH($I$5,$K$4:$M$4)),"") | K45: {=INDEX($T$4:$T$14,_xlfn.XMATCH(E45,$T$4:$T$14,1))-E45} -> #N/A | L45: {=INDEX($T$21:$T$31,_xlfn.XMATCH(E45,$T$21:$T$31,1))-E45} -> #N/A | M45: {=INDEX($T$38:$T$48,_xlfn.XMATCH(E45,$T$38:$T$48,1))-E45} -> #N/A | O45: Notendurchschnitt | P45: - | Q45: {=AVERAGE(IF(ISNUMBER(H6:H350),H6:H350))} -> 1.7214286 | S45: 3.3 | T45: =T46+P39 -> 46 | U45: =COUNTIF(H6:H1048576,3.3) -> 0 | V45: =U45/U49 -> 0 | Y45: =T45/$P$3 -> 0.51111111
A46: ='2a.Detailpunkte'!D44 -> #N/A | B46: ='2a.Detailpunkte'!E44 -> 0 | C46: ='2a.Detailpunkte'!F44 -> 0 | D46: =IF(Gesamtpunkte[[#This Row],[Versuch]]=0,"",Gesamtpunkte[[#This Row],[Versuch]]) | E46: {=INDEX(Gesamtpunkte[[Matr.-Nr.]:[Gesamtpunkte ]],_xlfn.XMATCH('3. Notenszenarien'!A46,Gesamtpunkte[Matr.-Nr.],0),5)} -> #N/A | F46: {=INDEX($S$4:$S$14,_xlfn.XMATCH(E46,$T$4:$T$14,-1),1)} -> #N/A | G46: {=INDEX($S$21:$S$31,_xlfn.XMATCH(E46,$T$21:$T$31,-1),1)} -> #N/A | H46: {=INDEX($S$38:$S$48,_xlfn.XMATCH(E46,$T$38:$T$48,-1),1)} -> #N/A | I46: =IF(ISNUMBER(A46),INDEX(F46:H46,1,MATCH($I$5,$F$4:$H$4)),"") | J46: =IF(ISNUMBER(A46),INDEX(K46:M46,1,MATCH($I$5,$K$4:$M$4)),"") | K46: {=INDEX($T$4:$T$14,_xlfn.XMATCH(E46,$T$4:$T$14,1))-E46} -> #N/A | L46: {=INDEX($T$21:$T$31,_xlfn.XMATCH(E46,$T$21:$T$31,1))-E46} -> #N/A | M46: {=INDEX($T$38:$T$48,_xlfn.XMATCH(E46,$T$38:$T$48,1))-E46} -> #N/A | O46: Median (Noten) | P46: - | Q46: {=MEDIAN(IF(ISNUMBER(H6:H350),H6:H350))} -> 1.7 | S46: 3.7 | T46: =T47+P39 -> 40.5 | U46: =COUNTIF(H6:H1048576,3.7) -> 0 | V46: =U46/U49 -> 0 | W46: =SUM(U46:U47) -> 0 | X46: =W46/W49 -> 0 | Y46: =T46/$P$3 -> 0.45
A47: ='2a.Detailpunkte'!D45 -> #N/A | B47: ='2a.Detailpunkte'!E45 -> 0 | C47: ='2a.Detailpunkte'!F45 -> 0 | D47: =IF(Gesamtpunkte[[#This Row],[Versuch]]=0,"",Gesamtpunkte[[#This Row],[Versuch]]) | E47: {=INDEX(Gesamtpunkte[[Matr.-Nr.]:[Gesamtpunkte ]],_xlfn.XMATCH('3. Notenszenarien'!A47,Gesamtpunkte[Matr.-Nr.],0),5)} -> #N/A | F47: {=INDEX($S$4:$S$14,_xlfn.XMATCH(E47,$T$4:$T$14,-1),1)} -> #N/A | G47: {=INDEX($S$21:$S$31,_xlfn.XMATCH(E47,$T$21:$T$31,-1),1)} -> #N/A | H47: {=INDEX($S$38:$S$48,_xlfn.XMATCH(E47,$T$38:$T$48,-1),1)} -> #N/A | I47: =IF(ISNUMBER(A47),INDEX(F47:H47,1,MATCH($I$5,$F$4:$H$4)),"") | J47: =IF(ISNUMBER(A47),INDEX(K47:M47,1,MATCH($I$5,$K$4:$M$4)),"") | K47: {=INDEX($T$4:$T$14,_xlfn.XMATCH(E47,$T$4:$T$14,1))-E47} -> #N/A | L47: {=INDEX($T$21:$T$31,_xlfn.XMATCH(E47,$T$21:$T$31,1))-E47} -> #N/A | M47: {=INDEX($T$38:$T$48,_xlfn.XMATCH(E47,$T$38:$T$48,1))-E47} -> #N/A | S47: 4 | T47: =P38 -> 35 | U47: =COUNTIF(H6:H1048576,4) -> 0 | V47: =U47/U49 -> 0 | Y47: =T47/$P$3 -> 0.38888889
A48: ='2a.Detailpunkte'!D46 -> #N/A | B48: ='2a.Detailpunkte'!E46 -> 0 | C48: ='2a.Detailpunkte'!F46 -> 0 | E48: {=INDEX(Gesamtpunkte[[Matr.-Nr.]:[Gesamtpunkte ]],_xlfn.XMATCH('3. Notenszenarien'!A48,Gesamtpunkte[Matr.-Nr.],0),5)} -> #N/A | F48: {=INDEX($S$4:$S$14,_xlfn.XMATCH(E48,$T$4:$T$14,-1),1)} -> #N/A | G48: {=INDEX($S$21:$S$31,_xlfn.XMATCH(E48,$T$21:$T$31,-1),1)} -> #N/A | H48: {=INDEX($S$38:$S$48,_xlfn.XMATCH(E48,$T$38:$T$48,-1),1)} -> #N/A | I48: =IF(ISNUMBER(A48),INDEX(F48:H48,1,MATCH($I$5,$F$4:$H$4)),"") | J48: =IF(ISNUMBER(A48),INDEX(K48:M48,1,MATCH($I$5,$K$4:$M$4)),"") | K48: {=INDEX($T$4:$T$14,_xlfn.XMATCH(E48,$T$4:$T$14,1))-E48} -> #N/A | L48: {=INDEX($T$21:$T$31,_xlfn.XMATCH(E48,$T$21:$T$31,1))-E48} -> #N/A | M48: {=INDEX($T$38:$T$48,_xlfn.XMATCH(E48,$T$38:$T$48,1))-E48} -> #N/A | S48: 5 | T48: 0 | U48: =COUNTIF(H6:H1048576,5) -> 0 | V48: =U48/U49 -> 0 | W48: =U48 -> 0 | X48: =W48/W49 -> 0 | Y48: =T48/$P$3 -> 0
A49: ='2a.Detailpunkte'!D47 -> #N/A | B49: ='2a.Detailpunkte'!E47 -> 0 | C49: ='2a.Detailpunkte'!F47 -> 0 | D49: =IF(Gesamtpunkte[[#This Row],[Versuch]]=0,"",Gesamtpunkte[[#This Row],[Versuch]]) | E49: {=INDEX(Gesamtpunkte[[Matr.-Nr.]:[Gesamtpunkte ]],_xlfn.XMATCH('3. Notenszenarien'!A49,Gesamtpunkte[Matr.-Nr.],0),5)} -> #N/A | F49: {=INDEX($S$4:$S$14,_xlfn.XMATCH(E49,$T$4:$T$14,-1),1)} -> #N/A | G49: {=INDEX($S$21:$S$31,_xlfn.XMATCH(E49,$T$21:$T$31,-1),1)} -> #N/A | H49: {=INDEX($S$38:$S$48,_xlfn.XMATCH(E49,$T$38:$T$48,-1),1)} -> #N/A | I49: =IF(ISNUMBER(A49),INDEX(F49:H49,1,MATCH($I$5,$F$4:$H$4)),"") | J49: =IF(ISNUMBER(A49),INDEX(K49:M49,1,MATCH($I$5,$K$4:$M$4)),"") | K49: {=INDEX($T$4:$T$14,_xlfn.XMATCH(E49,$T$4:$T$14,1))-E49} -> #N/A | L49: {=INDEX($T$21:$T$31,_xlfn.XMATCH(E49,$T$21:$T$31,1))-E49} -> #N/A | M49: {=INDEX($T$38:$T$48,_xlfn.XMATCH(E49,$T$38:$T$48,1))-E49} -> #N/A | U49: =SUM(U38:U48) -> 28 | V49: =SUM(V38:V48) -> 1 | W49: =W38+W40+W43+W46+W48 -> 28 | X49: =X38+X40+X43+X46+X48 -> 1
A50: ='2a.Detailpunkte'!D48 -> #N/A | B50: ='2a.Detailpunkte'!E48 -> 0 | C50: ='2a.Detailpunkte'!F48 -> 0 | D50: =IF(Gesamtpunkte[[#This Row],[Versuch]]=0,"",Gesamtpunkte[[#This Row],[Versuch]]) | E50: {=INDEX(Gesamtpunkte[[Matr.-Nr.]:[Gesamtpunkte ]],_xlfn.XMATCH('3. Notenszenarien'!A50,Gesamtpunkte[Matr.-Nr.],0),5)} -> #N/A | F50: {=INDEX($S$4:$S$14,_xlfn.XMATCH(E50,$T$4:$T$14,-1),1)} -> #N/A | G50: {=INDEX($S$21:$S$31,_xlfn.XMATCH(E50,$T$21:$T$31,-1),1)} -> #N/A | H50: {=INDEX($S$38:$S$48,_xlfn.XMATCH(E50,$T$38:$T$48,-1),1)} -> #N/A | I50: =IF(ISNUMBER(A50),INDEX(F50:H50,1,MATCH($I$5,$F$4:$H$4)),"") | J50: =IF(ISNUMBER(A50),INDEX(K50:M50,1,MATCH($I$5,$K$4:$M$4)),"") | K50: {=INDEX($T$4:$T$14,_xlfn.XMATCH(E50,$T$4:$T$14,1))-E50} -> #N/A | L50: {=INDEX($T$21:$T$31,_xlfn.XMATCH(E50,$T$21:$T$31,1))-E50} -> #N/A | M50: {=INDEX($T$38:$T$48,_xlfn.XMATCH(E50,$T$38:$T$48,1))-E50} -> #N/A
A51: ='2a.Detailpunkte'!D49 -> #N/A | B51: ='2a.Detailpunkte'!E49 -> 0 | C51: ='2a.Detailpunkte'!F49 -> 0 | D51: =IF(Gesamtpunkte[[#This Row],[Versuch]]=0,"",Gesamtpunkte[[#This Row],[Versuch]]) | E51: {=INDEX(Gesamtpunkte[[Matr.-Nr.]:[Gesamtpunkte ]],_xlfn.XMATCH('3. Notenszenarien'!A51,Gesamtpunkte[Matr.-Nr.],0),5)} -> #N/A | F51: {=INDEX($S$4:$S$14,_xlfn.XMATCH(E51,$T$4:$T$14,-1),1)} -> #N/A | G51: {=INDEX($S$21:$S$31,_xlfn.XMATCH(E51,$T$21:$T$31,-1),1)} -> #N/A | H51: {=INDEX($S$38:$S$48,_xlfn.XMATCH(E51,$T$38:$T$48,-1),1)} -> #N/A | I51: =IF(ISNUMBER(A51),INDEX(F51:H51,1,MATCH($I$5,$F$4:$H$4)),"") | J51: =IF(ISNUMBER(A51),INDEX(K51:M51,1,MATCH($I$5,$K$4:$M$4)),"") | K51: {=INDEX($T$4:$T$14,_xlfn.XMATCH(E51,$T$4:$T$14,1))-E51} -> #N/A | L51: {=INDEX($T$21:$T$31,_xlfn.XMATCH(E51,$T$21:$T$31,1))-E51} -> #N/A | M51: {=INDEX($T$38:$T$48,_xlfn.XMATCH(E51,$T$38:$T$48,1))-E51} -> #N/A
A52: ='2a.Detailpunkte'!D50 -> #N/A | B52: ='2a.Detailpunkte'!E50 -> 0 | C52: ='2a.Detailpunkte'!F50 -> 0 | D52: =IF(Gesamtpunkte[[#This Row],[Versuch]]=0,"",Gesamtpunkte[[#This Row],[Versuch]]) | E52: {=INDEX(Gesamtpunkte[[Matr.-Nr.]:[Gesamtpunkte ]],_xlfn.XMATCH('3. Notenszenarien'!A52,Gesamtpunkte[Matr.-Nr.],0),5)} -> #N/A | F52: {=INDEX($S$4:$S$14,_xlfn.XMATCH(E52,$T$4:$T$14,-1),1)} -> #N/A | G52: {=INDEX($S$21:$S$31,_xlfn.XMATCH(E52,$T$21:$T$31,-1),1)} -> #N/A | H52: {=INDEX($S$38:$S$48,_xlfn.XMATCH(E52,$T$38:$T$48,-1),1)} -> #N/A | I52: =IF(ISNUMBER(A52),INDEX(F52:H52,1,MATCH($I$5,$F$4:$H$4)),"") | J52: =IF(ISNUMBER(A52),INDEX(K52:M52,1,MATCH($I$5,$K$4:$M$4)),"") | K52: {=INDEX($T$4:$T$14,_xlfn.XMATCH(E52,$T$4:$T$14,1))-E52} -> #N/A | L52: {=INDEX($T$21:$T$31,_xlfn.XMATCH(E52,$T$21:$T$31,1))-E52} -> #N/A | M52: {=INDEX($T$38:$T$48,_xlfn.XMATCH(E52,$T$38:$T$48,1))-E52} -> #N/A
A53: ='2a.Detailpunkte'!D51 -> #N/A | B53: ='2a.Detailpunkte'!E51 -> 0 | C53: ='2a.Detailpunkte'!F51 -> 0 | D53: =IF(Gesamtpunkte[[#This Row],[Versuch]]=0,"",Gesamtpunkte[[#This Row],[Versuch]]) | E53: {=INDEX(Gesamtpunkte[[Matr.-Nr.]:[Gesamtpunkte ]],_xlfn.XMATCH('3. Notenszenarien'!A53,Gesamtpunkte[Matr.-Nr.],0),5)} -> #N/A | F53: {=INDEX($S$4:$S$14,_xlfn.XMATCH(E53,$T$4:$T$14,-1),1)} -> #N/A | G53: {=INDEX($S$21:$S$31,_xlfn.XMATCH(E53,$T$21:$T$31,-1),1)} -> #N/A | H53: {=INDEX($S$38:$S$48,_xlfn.XMATCH(E53,$T$38:$T$48,-1),1)} -> #N/A | I53: =IF(ISNUMBER(A53),INDEX(F53:H53,1,MATCH($I$5,$F$4:$H$4)),"") | J53: =IF(ISNUMBER(A53),INDEX(K53:M53,1,MATCH($I$5,$K$4:$M$4)),"") | K53: {=INDEX($T$4:$T$14,_xlfn.XMATCH(E53,$T$4:$T$14,1))-E53} -> #N/A | L53: {=INDEX($T$21:$T$31,_xlfn.XMATCH(E53,$T$21:$T$31,1))-E53} -> #N/A | M53: {=INDEX($T$38:$T$48,_xlfn.XMATCH(E53,$T$38:$T$48,1))-E53} -> #N/A
A54: ='2a.Detailpunkte'!D52 -> #N/A | B54: ='2a.Detailpunkte'!E52 -> 0 | C54: ='2a.Detailpunkte'!F52 -> 0 | D54: =IF(Gesamtpunkte[[#This Row],[Versuch]]=0,"",Gesamtpunkte[[#This Row],[Versuch]]) | E54: {=INDEX(Gesamtpunkte[[Matr.-Nr.]:[Gesamtpunkte ]],_xlfn.XMATCH('3. Notenszenarien'!A54,Gesamtpunkte[Matr.-Nr.],0),5)} -> #N/A | F54: {=INDEX($S$4:$S$14,_xlfn.XMATCH(E54,$T$4:$T$14,-1),1)} -> #N/A | G54: {=INDEX($S$21:$S$31,_xlfn.XMATCH(E54,$T$21:$T$31,-1),1)} -> #N/A | H54: {=INDEX($S$38:$S$48,_xlfn.XMATCH(E54,$T$38:$T$48,-1),1)} -> #N/A | I54: =IF(ISNUMBER(A54),INDEX(F54:H54,1,MATCH($I$5,$F$4:$H$4)),"") | J54: =IF(ISNUMBER(A54),INDEX(K54:M54,1,MATCH($I$5,$K$4:$M$4)),"") | K54: {=INDEX($T$4:$T$14,_xlfn.XMATCH(E54,$T$4:$T$14,1))-E54} -> #N/A | L54: {=INDEX($T$21:$T$31,_xlfn.XMATCH(E54,$T$21:$T$31,1))-E54} -> #N/A | M54: {=INDEX($T$38:$T$48,_xlfn.XMATCH(E54,$T$38:$T$48,1))-E54} -> #N/A
A55: ='2a.Detailpunkte'!D53 -> #N/A | B55: ='2a.Detailpunkte'!E53 -> 0 | C55: ='2a.Detailpunkte'!F53 -> 0 | D55: =IF(Gesamtpunkte[[#This Row],[Versuch]]=0,"",Gesamtpunkte[[#This Row],[Versuch]]) | E55: {=INDEX(Gesamtpunkte[[Matr.-Nr.]:[Gesamtpunkte ]],_xlfn.XMATCH('3. Notenszenarien'!A55,Gesamtpunkte[Matr.-Nr.],0),5)} -> #N/A | F55: {=INDEX($S$4:$S$14,_xlfn.XMATCH(E55,$T$4:$T$14,-1),1)} -> #N/A | G55: {=INDEX($S$21:$S$31,_xlfn.XMATCH(E55,$T$21:$T$31,-1),1)} -> #N/A | H55: {=INDEX($S$38:$S$48,_xlfn.XMATCH(E55,$T$38:$T$48,-1),1)} -> #N/A | I55: =IF(ISNUMBER(A55),INDEX(F55:H55,1,MATCH($I$5,$F$4:$H$4)),"") | J55: =IF(ISNUMBER(A55),INDEX(K55:M55,1,MATCH($I$5,$K$4:$M$4)),"") | K55: {=INDEX($T$4:$T$14,_xlfn.XMATCH(E55,$T$4:$T$14,1))-E55} -> #N/A | L55: {=INDEX($T$21:$T$31,_xlfn.XMATCH(E55,$T$21:$T$31,1))-E55} -> #N/A | M55: {=INDEX($T$38:$T$48,_xlfn.XMATCH(E55,$T$38:$T$48,1))-E55} -> #N/A
A56: ='2a.Detailpunkte'!D54 -> #N/A | B56: ='2a.Detailpunkte'!E54 -> 0 | C56: ='2a.Detailpunkte'!F54 -> 0 | D56: =IF(Gesamtpunkte[[#This Row],[Versuch]]=0,"",Gesamtpunkte[[#This Row],[Versuch]]) | E56: {=INDEX(Gesamtpunkte[[Matr.-Nr.]:[Gesamtpunkte ]],_xlfn.XMATCH('3. Notenszenarien'!A56,Gesamtpunkte[Matr.-Nr.],0),5)} -> #N/A | F56: {=INDEX($S$4:$S$14,_xlfn.XMATCH(E56,$T$4:$T$14,-1),1)} -> #N/A | G56: {=INDEX($S$21:$S$31,_xlfn.XMATCH(E56,$T$21:$T$31,-1),1)} -> #N/A | H56: {=INDEX($S$38:$S$48,_xlfn.XMATCH(E56,$T$38:$T$48,-1),1)} -> #N/A | I56: =IF(ISNUMBER(A56),INDEX(F56:H56,1,MATCH($I$5,$F$4:$H$4)),"") | J56: =IF(ISNUMBER(A56),INDEX(K56:M56,1,MATCH($I$5,$K$4:$M$4)),"") | K56: {=INDEX($T$4:$T$14,_xlfn.XMATCH(E56,$T$4:$T$14,1))-E56} -> #N/A | L56: {=INDEX($T$21:$T$31,_xlfn.XMATCH(E56,$T$21:$T$31,1))-E56} -> #N/A | M56: {=INDEX($T$38:$T$48,_xlfn.XMATCH(E56,$T$38:$T$48,1))-E56} -> #N/A
A57: ='2a.Detailpunkte'!D55 -> #N/A | B57: ='2a.Detailpunkte'!E55 -> 0 | C57: ='2a.Detailpunkte'!F55 -> 0 | D57: =IF(Gesamtpunkte[[#This Row],[Versuch]]=0,"",Gesamtpunkte[[#This Row],[Versuch]]) | E57: {=INDEX(Gesamtpunkte[[Matr.-Nr.]:[Gesamtpunkte ]],_xlfn.XMATCH('3. Notenszenarien'!A57,Gesamtpunkte[Matr.-Nr.],0),5)} -> #N/A | F57: {=INDEX($S$4:$S$14,_xlfn.XMATCH(E57,$T$4:$T$14,-1),1)} -> #N/A | G57: {=INDEX($S$21:$S$31,_xlfn.XMATCH(E57,$T$21:$T$31,-1),1)} -> #N/A | H57: {=INDEX($S$38:$S$48,_xlfn.XMATCH(E57,$T$38:$T$48,-1),1)} -> #N/A | I57: =IF(ISNUMBER(A57),INDEX(F57:H57,1,MATCH($I$5,$F$4:$H$4)),"") | J57: =IF(ISNUMBER(A57),INDEX(K57:M57,1,MATCH($I$5,$K$4:$M$4)),"") | K57: {=INDEX($T$4:$T$14,_xlfn.XMATCH(E57,$T$4:$T$14,1))-E57} -> #N/A | L57: {=INDEX($T$21:$T$31,_xlfn.XMATCH(E57,$T$21:$T$31,1))-E57} -> #N/A | M57: {=INDEX($T$38:$T$48,_xlfn.XMATCH(E57,$T$38:$T$48,1))-E57} -> #N/A
A58: ='2a.Detailpunkte'!D56 -> #N/A | B58: ='2a.Detailpunkte'!E56 -> 0 | C58: ='2a.Detailpunkte'!F56 -> 0 | D58: =IF(Gesamtpunkte[[#This Row],[Versuch]]=0,"",Gesamtpunkte[[#This Row],[Versuch]]) | E58: {=INDEX(Gesamtpunkte[[Matr.-Nr.]:[Gesamtpunkte ]],_xlfn.XMATCH('3. Notenszenarien'!A58,Gesamtpunkte[Matr.-Nr.],0),5)} -> #N/A | F58: {=INDEX($S$4:$S$14,_xlfn.XMATCH(E58,$T$4:$T$14,-1),1)} -> #N/A | G58: {=INDEX($S$21:$S$31,_xlfn.XMATCH(E58,$T$21:$T$31,-1),1)} -> #N/A | H58: {=INDEX($S$38:$S$48,_xlfn.XMATCH(E58,$T$38:$T$48,-1),1)} -> #N/A | I58: =IF(ISNUMBER(A58),INDEX(F58:H58,1,MATCH($I$5,$F$4:$H$4)),"") | J58: =IF(ISNUMBER(A58),INDEX(K58:M58,1,MATCH($I$5,$K$4:$M$4)),"") | K58: {=INDEX($T$4:$T$14,_xlfn.XMATCH(E58,$T$4:$T$14,1))-E58} -> #N/A | L58: {=INDEX($T$21:$T$31,_xlfn.XMATCH(E58,$T$21:$T$31,1))-E58} -> #N/A | M58: {=INDEX($T$38:$T$48,_xlfn.XMATCH(E58,$T$38:$T$48,1))-E58} -> #N/A
A59: ='2a.Detailpunkte'!D57 -> #N/A | B59: ='2a.Detailpunkte'!E57 -> 0 | C59: ='2a.Detailpunkte'!F57 -> 0 | D59: =IF(Gesamtpunkte[[#This Row],[Versuch]]=0,"",Gesamtpunkte[[#This Row],[Versuch]]) | E59: {=INDEX(Gesamtpunkte[[Matr.-Nr.]:[Gesamtpunkte ]],_xlfn.XMATCH('3. Notenszenarien'!A59,Gesamtpunkte[Matr.-Nr.],0),5)} -> #N/A | F59: {=INDEX($S$4:$S$14,_xlfn.XMATCH(E59,$T$4:$T$14,-1),1)} -> #N/A | G59: {=INDEX($S$21:$S$31,_xlfn.XMATCH(E59,$T$21:$T$31,-1),1)} -> #N/A | H59: {=INDEX($S$38:$S$48,_xlfn.XMATCH(E59,$T$38:$T$48,-1),1)} -> #N/A | I59: =IF(ISNUMBER(A59),INDEX(F59:H59,1,MATCH($I$5,$F$4:$H$4)),"") | J59: =IF(ISNUMBER(A59),INDEX(K59:M59,1,MATCH($I$5,$K$4:$M$4)),"") | K59: {=INDEX($T$4:$T$14,_xlfn.XMATCH(E59,$T$4:$T$14,1))-E59} -> #N/A | L59: {=INDEX($T$21:$T$31,_xlfn.XMATCH(E59,$T$21:$T$31,1))-E59} -> #N/A | M59: {=INDEX($T$38:$T$48,_xlfn.XMATCH(E59,$T$38:$T$48,1))-E59} -> #N/A
A60: ='2a.Detailpunkte'!D58 -> #N/A | B60: ='2a.Detailpunkte'!E58 -> 0 | C60: ='2a.Detailpunkte'!F58 -> 0 | D60: =IF(Gesamtpunkte[[#This Row],[Versuch]]=0,"",Gesamtpunkte[[#This Row],[Versuch]]) | E60: {=INDEX(Gesamtpunkte[[Matr.-Nr.]:[Gesamtpunkte ]],_xlfn.XMATCH('3. Notenszenarien'!A60,Gesamtpunkte[Matr.-Nr.],0),5)} -> #N/A | F60: {=INDEX($S$4:$S$14,_xlfn.XMATCH(E60,$T$4:$T$14,-1),1)} -> #N/A | G60: {=INDEX($S$21:$S$31,_xlfn.XMATCH(E60,$T$21:$T$31,-1),1)} -> #N/A | H60: {=INDEX($S$38:$S$48,_xlfn.XMATCH(E60,$T$38:$T$48,-1),1)} -> #N/A | I60: =IF(ISNUMBER(A60),INDEX(F60:H60,1,MATCH($I$5,$F$4:$H$4)),"") | J60: =IF(ISNUMBER(A60),INDEX(K60:M60,1,MATCH($I$5,$K$4:$M$4)),"") | K60: {=INDEX($T$4:$T$14,_xlfn.XMATCH(E60,$T$4:$T$14,1))-E60} -> #N/A | L60: {=INDEX($T$21:$T$31,_xlfn.XMATCH(E60,$T$21:$T$31,1))-E60} -> #N/A | M60: {=INDEX($T$38:$T$48,_xlfn.XMATCH(E60,$T$38:$T$48,1))-E60} -> #N/A
A61: ='2a.Detailpunkte'!D59 -> #N/A | B61: ='2a.Detailpunkte'!E59 -> 0 | C61: ='2a.Detailpunkte'!F59 -> 0 | D61: =IF(Gesamtpunkte[[#This Row],[Versuch]]=0,"",Gesamtpunkte[[#This Row],[Versuch]]) | E61: {=INDEX(Gesamtpunkte[[Matr.-Nr.]:[Gesamtpunkte ]],_xlfn.XMATCH('3. Notenszenarien'!A61,Gesamtpunkte[Matr.-Nr.],0),5)} -> #N/A | F61: {=INDEX($S$4:$S$14,_xlfn.XMATCH(E61,$T$4:$T$14,-1),1)} -> #N/A | G61: {=INDEX($S$21:$S$31,_xlfn.XMATCH(E61,$T$21:$T$31,-1),1)} -> #N/A | H61: {=INDEX($S$38:$S$48,_xlfn.XMATCH(E61,$T$38:$T$48,-1),1)} -> #N/A | I61: =IF(ISNUMBER(A61),INDEX(F61:H61,1,MATCH($I$5,$F$4:$H$4)),"") | J61: =IF(ISNUMBER(A61),INDEX(K61:M61,1,MATCH($I$5,$K$4:$M$4)),"") | K61: {=INDEX($T$4:$T$14,_xlfn.XMATCH(E61,$T$4:$T$14,1))-E61} -> #N/A | L61: {=INDEX($T$21:$T$31,_xlfn.XMATCH(E61,$T$21:$T$31,1))-E61} -> #N/A | M61: {=INDEX($T$38:$T$48,_xlfn.XMATCH(E61,$T$38:$T$48,1))-E61} -> #N/A
A62: ='2a.Detailpunkte'!D60 -> #N/A | B62: ='2a.Detailpunkte'!E60 -> 0 | C62: ='2a.Detailpunkte'!F60 -> 0 | E62: {=INDEX(Gesamtpunkte[[Matr.-Nr.]:[Gesamtpunkte ]],_xlfn.XMATCH('3. Notenszenarien'!A62,Gesamtpunkte[Matr.-Nr.],0),5)} -> #N/A | F62: {=INDEX($S$4:$S$14,_xlfn.XMATCH(E62,$T$4:$T$14,-1),1)} -> #N/A | G62: {=INDEX($S$21:$S$31,_xlfn.XMATCH(E62,$T$21:$T$31,-1),1)} -> #N/A | H62: {=INDEX($S$38:$S$48,_xlfn.XMATCH(E62,$T$38:$T$48,-1),1)} -> #N/A | I62: =IF(ISNUMBER(A62),INDEX(F62:H62,1,MATCH($I$5,$F$4:$H$4)),"") | J62: =IF(ISNUMBER(A62),INDEX(K62:M62,1,MATCH($I$5,$K$4:$M$4)),"") | K62: {=INDEX($T$4:$T$14,_xlfn.XMATCH(E62,$T$4:$T$14,1))-E62} -> #N/A | L62: {=INDEX($T$21:$T$31,_xlfn.XMATCH(E62,$T$21:$T$31,1))-E62} -> #N/A | M62: {=INDEX($T$38:$T$48,_xlfn.XMATCH(E62,$T$38:$T$48,1))-E62} -> #N/A
A63: ='2a.Detailpunkte'!D61 -> #N/A | B63: ='2a.Detailpunkte'!E61 -> 0 | C63: ='2a.Detailpunkte'!F61 -> 0 | D63: =IF(Gesamtpunkte[[#This Row],[Versuch]]=0,"",Gesamtpunkte[[#This Row],[Versuch]]) | E63: {=INDEX(Gesamtpunkte[[Matr.-Nr.]:[Gesamtpunkte ]],_xlfn.XMATCH('3. Notenszenarien'!A63,Gesamtpunkte[Matr.-Nr.],0),5)} -> #N/A | F63: {=INDEX($S$4:$S$14,_xlfn.XMATCH(E63,$T$4:$T$14,-1),1)} -> #N/A | G63: {=INDEX($S$21:$S$31,_xlfn.XMATCH(E63,$T$21:$T$31,-1),1)} -> #N/A | H63: {=INDEX($S$38:$S$48,_xlfn.XMATCH(E63,$T$38:$T$48,-1),1)} -> #N/A | I63: =IF(ISNUMBER(A63),INDEX(F63:H63,1,MATCH($I$5,$F$4:$H$4)),"") | J63: =IF(ISNUMBER(A63),INDEX(K63:M63,1,MATCH($I$5,$K$4:$M$4)),"") | K63: {=INDEX($T$4:$T$14,_xlfn.XMATCH(E63,$T$4:$T$14,1))-E63} -> #N/A | L63: {=INDEX($T$21:$T$31,_xlfn.XMATCH(E63,$T$21:$T$31,1))-E63} -> #N/A | M63: {=INDEX($T$38:$T$48,_xlfn.XMATCH(E63,$T$38:$T$48,1))-E63} -> #N/A
A64: ='2a.Detailpunkte'!D62 -> #N/A | B64: ='2a.Detailpunkte'!E62 -> 0 | C64: ='2a.Detailpunkte'!F62 -> 0 | D64: =IF(Gesamtpunkte[[#This Row],[Versuch]]=0,"",Gesamtpunkte[[#This Row],[Versuch]]) | E64: {=INDEX(Gesamtpunkte[[Matr.-Nr.]:[Gesamtpunkte ]],_xlfn.XMATCH('3. Notenszenarien'!A64,Gesamtpunkte[Matr.-Nr.],0),5)} -> #N/A | F64: {=INDEX($S$4:$S$14,_xlfn.XMATCH(E64,$T$4:$T$14,-1),1)} -> #N/A | G64: {=INDEX($S$21:$S$31,_xlfn.XMATCH(E64,$T$21:$T$31,-1),1)} -> #N/A | H64: {=INDEX($S$38:$S$48,_xlfn.XMATCH(E64,$T$38:$T$48,-1),1)} -> #N/A | I64: =IF(ISNUMBER(A64),INDEX(F64:H64,1,MATCH($I$5,$F$4:$H$4)),"") | J64: =IF(ISNUMBER(A64),INDEX(K64:M64,1,MATCH($I$5,$K$4:$M$4)),"") | K64: {=INDEX($T$4:$T$14,_xlfn.XMATCH(E64,$T$4:$T$14,1))-E64} -> #N/A | L64: {=INDEX($T$21:$T$31,_xlfn.XMATCH(E64,$T$21:$T$31,1))-E64} -> #N/A | M64: {=INDEX($T$38:$T$48,_xlfn.XMATCH(E64,$T$38:$T$48,1))-E64} -> #N/A
A65: ='2a.Detailpunkte'!D63 -> #N/A | B65: ='2a.Detailpunkte'!E63 -> 0 | C65: ='2a.Detailpunkte'!F63 -> 0 | D65: =IF(Gesamtpunkte[[#This Row],[Versuch]]=0,"",Gesamtpunkte[[#This Row],[Versuch]]) | E65: {=INDEX(Gesamtpunkte[[Matr.-Nr.]:[Gesamtpunkte ]],_xlfn.XMATCH('3. Notenszenarien'!A65,Gesamtpunkte[Matr.-Nr.],0),5)} -> #N/A | F65: {=INDEX($S$4:$S$14,_xlfn.XMATCH(E65,$T$4:$T$14,-1),1)} -> #N/A | G65: {=INDEX($S$21:$S$31,_xlfn.XMATCH(E65,$T$21:$T$31,-1),1)} -> #N/A | H65: {=INDEX($S$38:$S$48,_xlfn.XMATCH(E65,$T$38:$T$48,-1),1)} -> #N/A | I65: =IF(ISNUMBER(A65),INDEX(F65:H65,1,MATCH($I$5,$F$4:$H$4)),"") | J65: =IF(ISNUMBER(A65),INDEX(K65:M65,1,MATCH($I$5,$K$4:$M$4)),"") | K65: {=INDEX($T$4:$T$14,_xlfn.XMATCH(E65,$T$4:$T$14,1))-E65} -> #N/A | L65: {=INDEX($T$21:$T$31,_xlfn.XMATCH(E65,$T$21:$T$31,1))-E65} -> #N/A | M65: {=INDEX($T$38:$T$48,_xlfn.XMATCH(E65,$T$38:$T$48,1))-E65} -> #N/A
A66: ='2a.Detailpunkte'!D64 -> #N/A | B66: ='2a.Detailpunkte'!E64 -> 0 | C66: ='2a.Detailpunkte'!F64 -> 0 | D66: =IF(Gesamtpunkte[[#This Row],[Versuch]]=0,"",Gesamtpunkte[[#This Row],[Versuch]]) | E66: {=INDEX(Gesamtpunkte[[Matr.-Nr.]:[Gesamtpunkte ]],_xlfn.XMATCH('3. Notenszenarien'!A66,Gesamtpunkte[Matr.-Nr.],0),5)} -> #N/A | F66: {=INDEX($S$4:$S$14,_xlfn.XMATCH(E66,$T$4:$T$14,-1),1)} -> #N/A | G66: {=INDEX($S$21:$S$31,_xlfn.XMATCH(E66,$T$21:$T$31,-1),1)} -> #N/A | H66: {=INDEX($S$38:$S$48,_xlfn.XMATCH(E66,$T$38:$T$48,-1),1)} -> #N/A | I66: =IF(ISNUMBER(A66),INDEX(F66:H66,1,MATCH($I$5,$F$4:$H$4)),"") | J66: =IF(ISNUMBER(A66),INDEX(K66:M66,1,MATCH($I$5,$K$4:$M$4)),"") | K66: {=INDEX($T$4:$T$14,_xlfn.XMATCH(E66,$T$4:$T$14,1))-E66} -> #N/A | L66: {=INDEX($T$21:$T$31,_xlfn.XMATCH(E66,$T$21:$T$31,1))-E66} -> #N/A | M66: {=INDEX($T$38:$T$48,_xlfn.XMATCH(E66,$T$38:$T$48,1))-E66} -> #N/A
A67: ='2a.Detailpunkte'!D65 -> #N/A | B67: ='2a.Detailpunkte'!E65 -> 0 | C67: ='2a.Detailpunkte'!F65 -> 0 | D67: =IF(Gesamtpunkte[[#This Row],[Versuch]]=0,"",Gesamtpunkte[[#This Row],[Versuch]]) | E67: {=INDEX(Gesamtpunkte[[Matr.-Nr.]:[Gesamtpunkte ]],_xlfn.XMATCH('3. Notenszenarien'!A67,Gesamtpunkte[Matr.-Nr.],0),5)} -> #N/A | F67: {=INDEX($S$4:$S$14,_xlfn.XMATCH(E67,$T$4:$T$14,-1),1)} -> #N/A | G67: {=INDEX($S$21:$S$31,_xlfn.XMATCH(E67,$T$21:$T$31,-1),1)} -> #N/A | H67: {=INDEX($S$38:$S$48,_xlfn.XMATCH(E67,$T$38:$T$48,-1),1)} -> #N/A | I67: =IF(ISNUMBER(A67),INDEX(F67:H67,1,MATCH($I$5,$F$4:$H$4)),"") | J67: =IF(ISNUMBER(A67),INDEX(K67:M67,1,MATCH($I$5,$K$4:$M$4)),"") | K67: {=INDEX($T$4:$T$14,_xlfn.XMATCH(E67,$T$4:$T$14,1))-E67} -> #N/A | L67: {=INDEX($T$21:$T$31,_xlfn.XMATCH(E67,$T$21:$T$31,1))-E67} -> #N/A | M67: {=INDEX($T$38:$T$48,_xlfn.XMATCH(E67,$T$38:$T$48,1))-E67} -> #N/A
A68: ='2a.Detailpunkte'!D66 -> #N/A | B68: ='2a.Detailpunkte'!E66 -> 0 | C68: ='2a.Detailpunkte'!F66 -> 0 | D68: =IF(Gesamtpunkte[[#This Row],[Versuch]]=0,"",Gesamtpunkte[[#This Row],[Versuch]]) | E68: {=INDEX(Gesamtpunkte[[Matr.-Nr.]:[Gesamtpunkte ]],_xlfn.XMATCH('3. Notenszenarien'!A68,Gesamtpunkte[Matr.-Nr.],0),5)} -> #N/A | F68: {=INDEX($S$4:$S$14,_xlfn.XMATCH(E68,$T$4:$T$14,-1),1)} -> #N/A | G68: {=INDEX($S$21:$S$31,_xlfn.XMATCH(E68,$T$21:$T$31,-1),1)} -> #N/A | H68: {=INDEX($S$38:$S$48,_xlfn.XMATCH(E68,$T$38:$T$48,-1),1)} -> #N/A | I68: =IF(ISNUMBER(A68),INDEX(F68:H68,1,MATCH($I$5,$F$4:$H$4)),"") | J68: =IF(ISNUMBER(A68),INDEX(K68:M68,1,MATCH($I$5,$K$4:$M$4)),"") | K68: {=INDEX($T$4:$T$14,_xlfn.XMATCH(E68,$T$4:$T$14,1))-E68} -> #N/A | L68: {=INDEX($T$21:$T$31,_xlfn.XMATCH(E68,$T$21:$T$31,1))-E68} -> #N/A | M68: {=INDEX($T$38:$T$48,_xlfn.XMATCH(E68,$T$38:$T$48,1))-E68} -> #N/A
A69: ='2a.Detailpunkte'!D67 -> #N/A | B69: ='2a.Detailpunkte'!E67 -> 0 | C69: ='2a.Detailpunkte'!F67 -> 0 | E69: {=INDEX(Gesamtpunkte[[Matr.-Nr.]:[Gesamtpunkte ]],_xlfn.XMATCH('3. Notenszenarien'!A69,Gesamtpunkte[Matr.-Nr.],0),5)} -> #N/A | F69: {=INDEX($S$4:$S$14,_xlfn.XMATCH(E69,$T$4:$T$14,-1),1)} -> #N/A | G69: {=INDEX($S$21:$S$31,_xlfn.XMATCH(E69,$T$21:$T$31,-1),1)} -> #N/A | H69: {=INDEX($S$38:$S$48,_xlfn.XMATCH(E69,$T$38:$T$48,-1),1)} -> #N/A | I69: =IF(ISNUMBER(A69),INDEX(F69:H69,1,MATCH($I$5,$F$4:$H$4)),"") | J69: =IF(ISNUMBER(A69),INDEX(K69:M69,1,MATCH($I$5,$K$4:$M$4)),"") | K69: {=INDEX($T$4:$T$14,_xlfn.XMATCH(E69,$T$4:$T$14,1))-E69} -> #N/A | L69: {=INDEX($T$21:$T$31,_xlfn.XMATCH(E69,$T$21:$T$31,1))-E69} -> #N/A | M69: {=INDEX($T$38:$T$48,_xlfn.XMATCH(E69,$T$38:$T$48,1))-E69} -> #N/A
A70: ='2a.Detailpunkte'!D68 -> #N/A | B70: ='2a.Detailpunkte'!E68 -> 0 | C70: ='2a.Detailpunkte'!F68 -> 0 | D70: =IF(Gesamtpunkte[[#This Row],[Versuch]]=0,"",Gesamtpunkte[[#This Row],[Versuch]]) | E70: {=INDEX(Gesamtpunkte[[Matr.-Nr.]:[Gesamtpunkte ]],_xlfn.XMATCH('3. Notenszenarien'!A70,Gesamtpunkte[Matr.-Nr.],0),5)} -> #N/A | F70: {=INDEX($S$4:$S$14,_xlfn.XMATCH(E70,$T$4:$T$14,-1),1)} -> #N/A | G70: {=INDEX($S$21:$S$31,_xlfn.XMATCH(E70,$T$21:$T$31,-1),1)} -> #N/A | H70: {=INDEX($S$38:$S$48,_xlfn.XMATCH(E70,$T$38:$T$48,-1),1)} -> #N/A | I70: =IF(ISNUMBER(A70),INDEX(F70:H70,1,MATCH($I$5,$F$4:$H$4)),"") | J70: =IF(ISNUMBER(A70),INDEX(K70:M70,1,MATCH($I$5,$K$4:$M$4)),"") | K70: {=INDEX($T$4:$T$14,_xlfn.XMATCH(E70,$T$4:$T$14,1))-E70} -> #N/A | L70: {=INDEX($T$21:$T$31,_xlfn.XMATCH(E70,$T$21:$T$31,1))-E70} -> #N/A | M70: {=INDEX($T$38:$T$48,_xlfn.XMATCH(E70,$T$38:$T$48,1))-E70} -> #N/A
A71: ='2a.Detailpunkte'!D69 -> #N/A | B71: ='2a.Detailpunkte'!E69 -> 0 | C71: ='2a.Detailpunkte'!F69 -> 0 | D71: =IF(Gesamtpunkte[[#This Row],[Versuch]]=0,"",Gesamtpunkte[[#This Row],[Versuch]]) | E71: {=INDEX(Gesamtpunkte[[Matr.-Nr.]:[Gesamtpunkte ]],_xlfn.XMATCH('3. Notenszenarien'!A71,Gesamtpunkte[Matr.-Nr.],0),5)} -> #N/A | F71: {=INDEX($S$4:$S$14,_xlfn.XMATCH(E71,$T$4:$T$14,-1),1)} -> #N/A | G71: {=INDEX($S$21:$S$31,_xlfn.XMATCH(E71,$T$21:$T$31,-1),1)} -> #N/A | H71: {=INDEX($S$38:$S$48,_xlfn.XMATCH(E71,$T$38:$T$48,-1),1)} -> #N/A | I71: =IF(ISNUMBER(A71),INDEX(F71:H71,1,MATCH($I$5,$F$4:$H$4)),"") | J71: =IF(ISNUMBER(A71),INDEX(K71:M71,1,MATCH($I$5,$K$4:$M$4)),"") | K71: {=INDEX($T$4:$T$14,_xlfn.XMATCH(E71,$T$4:$T$14,1))-E71} -> #N/A | L71: {=INDEX($T$21:$T$31,_xlfn.XMATCH(E71,$T$21:$T$31,1))-E71} -> #N/A | M71: {=INDEX($T$38:$T$48,_xlfn.XMATCH(E71,$T$38:$T$48,1))-E71} -> #N/A
A72: ='2a.Detailpunkte'!D70 -> #N/A | B72: ='2a.Detailpunkte'!E70 -> 0 | C72: ='2a.Detailpunkte'!F70 -> 0 | D72: =IF(Gesamtpunkte[[#This Row],[Versuch]]=0,"",Gesamtpunkte[[#This Row],[Versuch]]) | E72: {=INDEX(Gesamtpunkte[[Matr.-Nr.]:[Gesamtpunkte ]],_xlfn.XMATCH('3. Notenszenarien'!A72,Gesamtpunkte[Matr.-Nr.],0),5)} -> #N/A | F72: {=INDEX($S$4:$S$14,_xlfn.XMATCH(E72,$T$4:$T$14,-1),1)} -> #N/A | G72: {=INDEX($S$21:$S$31,_xlfn.XMATCH(E72,$T$21:$T$31,-1),1)} -> #N/A | H72: {=INDEX($S$38:$S$48,_xlfn.XMATCH(E72,$T$38:$T$48,-1),1)} -> #N/A | I72: =IF(ISNUMBER(A72),INDEX(F72:H72,1,MATCH($I$5,$F$4:$H$4)),"") | J72: =IF(ISNUMBER(A72),INDEX(K72:M72,1,MATCH($I$5,$K$4:$M$4)),"") | K72: {=INDEX($T$4:$T$14,_xlfn.XMATCH(E72,$T$4:$T$14,1))-E72} -> #N/A | L72: {=INDEX($T$21:$T$31,_xlfn.XMATCH(E72,$T$21:$T$31,1))-E72} -> #N/A | M72: {=INDEX($T$38:$T$48,_xlfn.XMATCH(E72,$T$38:$T$48,1))-E72} -> #N/A
A73: ='2a.Detailpunkte'!D71 -> #N/A | B73: ='2a.Detailpunkte'!E71 -> 0 | C73: ='2a.Detailpunkte'!F71 -> 0 | D73: =IF(Gesamtpunkte[[#This Row],[Versuch]]=0,"",Gesamtpunkte[[#This Row],[Versuch]]) | E73: {=INDEX(Gesamtpunkte[[Matr.-Nr.]:[Gesamtpunkte ]],_xlfn.XMATCH('3. Notenszenarien'!A73,Gesamtpunkte[Matr.-Nr.],0),5)} -> #N/A | F73: {=INDEX($S$4:$S$14,_xlfn.XMATCH(E73,$T$4:$T$14,-1),1)} -> #N/A | G73: {=INDEX($S$21:$S$31,_xlfn.XMATCH(E73,$T$21:$T$31,-1),1)} -> #N/A | H73: {=INDEX($S$38:$S$48,_xlfn.XMATCH(E73,$T$38:$T$48,-1),1)} -> #N/A | I73: =IF(ISNUMBER(A73),INDEX(F73:H73,1,MATCH($I$5,$F$4:$H$4)),"") | J73: =IF(ISNUMBER(A73),INDEX(K73:M73,1,MATCH($I$5,$K$4:$M$4)),"") | K73: {=INDEX($T$4:$T$14,_xlfn.XMATCH(E73,$T$4:$T$14,1))-E73} -> #N/A | L73: {=INDEX($T$21:$T$31,_xlfn.XMATCH(E73,$T$21:$T$31,1))-E73} -> #N/A | M73: {=INDEX($T$38:$T$48,_xlfn.XMATCH(E73,$T$38:$T$48,1))-E73} -> #N/A
A74: ='2a.Detailpunkte'!D72 -> #N/A | B74: ='2a.Detailpunkte'!E72 -> 0 | C74: ='2a.Detailpunkte'!F72 -> 0 | D74: =IF(Gesamtpunkte[[#This Row],[Versuch]]=0,"",Gesamtpunkte[[#This Row],[Versuch]]) | E74: {=INDEX(Gesamtpunkte[[Matr.-Nr.]:[Gesamtpunkte ]],_xlfn.XMATCH('3. Notenszenarien'!A74,Gesamtpunkte[Matr.-Nr.],0),5)} -> #N/A | F74: {=INDEX($S$4:$S$14,_xlfn.XMATCH(E74,$T$4:$T$14,-1),1)} -> #N/A | G74: {=INDEX($S$21:$S$31,_xlfn.XMATCH(E74,$T$21:$T$31,-1),1)} -> #N/A | H74: {=INDEX($S$38:$S$48,_xlfn.XMATCH(E74,$T$38:$T$48,-1),1)} -> #N/A | I74: =IF(ISNUMBER(A74),INDEX(F74:H74,1,MATCH($I$5,$F$4:$H$4)),"") | J74: =IF(ISNUMBER(A74),INDEX(K74:M74,1,MATCH($I$5,$K$4:$M$4)),"") | K74: {=INDEX($T$4:$T$14,_xlfn.XMATCH(E74,$T$4:$T$14,1))-E74} -> #N/A | L74: {=INDEX($T$21:$T$31,_xlfn.XMATCH(E74,$T$21:$T$31,1))-E74} -> #N/A | M74: {=INDEX($T$38:$T$48,_xlfn.XMATCH(E74,$T$38:$T$48,1))-E74} -> #N/A
A75: ='2a.Detailpunkte'!D73 -> #N/A | B75: ='2a.Detailpunkte'!E73 -> 0 | C75: ='2a.Detailpunkte'!F73 -> 0 | D75: =IF(Gesamtpunkte[[#This Row],[Versuch]]=0,"",Gesamtpunkte[[#This Row],[Versuch]]) | E75: {=INDEX(Gesamtpunkte[[Matr.-Nr.]:[Gesamtpunkte ]],_xlfn.XMATCH('3. Notenszenarien'!A75,Gesamtpunkte[Matr.-Nr.],0),5)} -> #N/A | F75: {=INDEX($S$4:$S$14,_xlfn.XMATCH(E75,$T$4:$T$14,-1),1)} -> #N/A | G75: {=INDEX($S$21:$S$31,_xlfn.XMATCH(E75,$T$21:$T$31,-1),1)} -> #N/A | H75: {=INDEX($S$38:$S$48,_xlfn.XMATCH(E75,$T$38:$T$48,-1),1)} -> #N/A | I75: =IF(ISNUMBER(A75),INDEX(F75:H75,1,MATCH($I$5,$F$4:$H$4)),"") | J75: =IF(ISNUMBER(A75),INDEX(K75:M75,1,MATCH($I$5,$K$4:$M$4)),"") | K75: {=INDEX($T$4:$T$14,_xlfn.XMATCH(E75,$T$4:$T$14,1))-E75} -> #N/A | L75: {=INDEX($T$21:$T$31,_xlfn.XMATCH(E75,$T$21:$T$31,1))-E75} -> #N/A | M75: {=INDEX($T$38:$T$48,_xlfn.XMATCH(E75,$T$38:$T$48,1))-E75} -> #N/A
A76: ='2a.Detailpunkte'!D74 -> #N/A | B76: ='2a.Detailpunkte'!E74 -> 0 | C76: ='2a.Detailpunkte'!F74 -> 0 | D76: =IF(Gesamtpunkte[[#This Row],[Versuch]]=0,"",Gesamtpunkte[[#This Row],[Versuch]]) | E76: {=INDEX(Gesamtpunkte[[Matr.-Nr.]:[Gesamtpunkte ]],_xlfn.XMATCH('3. Notenszenarien'!A76,Gesamtpunkte[Matr.-Nr.],0),5)} -> #N/A | F76: {=INDEX($S$4:$S$14,_xlfn.XMATCH(E76,$T$4:$T$14,-1),1)} -> #N/A | G76: {=INDEX($S$21:$S$31,_xlfn.XMATCH(E76,$T$21:$T$31,-1),1)} -> #N/A | H76: {=INDEX($S$38:$S$48,_xlfn.XMATCH(E76,$T$38:$T$48,-1),1)} -> #N/A | I76: =IF(ISNUMBER(A76),INDEX(F76:H76,1,MATCH($I$5,$F$4:$H$4)),"") | J76: =IF(ISNUMBER(A76),INDEX(K76:M76,1,MATCH($I$5,$K$4:$M$4)),"") | K76: {=INDEX($T$4:$T$14,_xlfn.XMATCH(E76,$T$4:$T$14,1))-E76} -> #N/A | L76: {=INDEX($T$21:$T$31,_xlfn.XMATCH(E76,$T$21:$T$31,1))-E76} -> #N/A | M76: {=INDEX($T$38:$T$48,_xlfn.XMATCH(E76,$T$38:$T$48,1))-E76} -> #N/A
A77: ='2a.Detailpunkte'!D75 -> #N/A | B77: ='2a.Detailpunkte'!E75 -> 0 | C77: ='2a.Detailpunkte'!F75 -> 0 | E77: {=INDEX(Gesamtpunkte[[Matr.-Nr.]:[Gesamtpunkte ]],_xlfn.XMATCH('3. Notenszenarien'!A77,Gesamtpunkte[Matr.-Nr.],0),5)} -> #N/A | F77: {=INDEX($S$4:$S$14,_xlfn.XMATCH(E77,$T$4:$T$14,-1),1)} -> #N/A | G77: {=INDEX($S$21:$S$31,_xlfn.XMATCH(E77,$T$21:$T$31,-1),1)} -> #N/A | H77: {=INDEX($S$38:$S$48,_xlfn.XMATCH(E77,$T$38:$T$48,-1),1)} -> #N/A | I77: =IF(ISNUMBER(A77),INDEX(F77:H77,1,MATCH($I$5,$F$4:$H$4)),"") | J77: =IF(ISNUMBER(A77),INDEX(K77:M77,1,MATCH($I$5,$K$4:$M$4)),"") | K77: {=INDEX($T$4:$T$14,_xlfn.XMATCH(E77,$T$4:$T$14,1))-E77} -> #N/A | L77: {=INDEX($T$21:$T$31,_xlfn.XMATCH(E77,$T$21:$T$31,1))-E77} -> #N/A | M77: {=INDEX($T$38:$T$48,_xlfn.XMATCH(E77,$T$38:$T$48,1))-E77} -> #N/A
A78: ='2a.Detailpunkte'!D76 -> #N/A | B78: ='2a.Detailpunkte'!E76 -> 0 | C78: ='2a.Detailpunkte'!F76 -> 0 | D78: =IF(Gesamtpunkte[[#This Row],[Versuch]]=0,"",Gesamtpunkte[[#This Row],[Versuch]]) | E78: {=INDEX(Gesamtpunkte[[Matr.-Nr.]:[Gesamtpunkte ]],_xlfn.XMATCH('3. Notenszenarien'!A78,Gesamtpunkte[Matr.-Nr.],0),5)} -> #N/A | F78: {=INDEX($S$4:$S$14,_xlfn.XMATCH(E78,$T$4:$T$14,-1),1)} -> #N/A | G78: {=INDEX($S$21:$S$31,_xlfn.XMATCH(E78,$T$21:$T$31,-1),1)} -> #N/A | H78: {=INDEX($S$38:$S$48,_xlfn.XMATCH(E78,$T$38:$T$48,-1),1)} -> #N/A | I78: =IF(ISNUMBER(A78),INDEX(F78:H78,1,MATCH($I$5,$F$4:$H$4)),"") | J78: =IF(ISNUMBER(A78),INDEX(K78:M78,1,MATCH($I$5,$K$4:$M$4)),"") | K78: {=INDEX($T$4:$T$14,_xlfn.XMATCH(E78,$T$4:$T$14,1))-E78} -> #N/A | L78: {=INDEX($T$21:$T$31,_xlfn.XMATCH(E78,$T$21:$T$31,1))-E78} -> #N/A | M78: {=INDEX($T$38:$T$48,_xlfn.XMATCH(E78,$T$38:$T$48,1))-E78} -> #N/A
A79: ='2a.Detailpunkte'!D77 -> #N/A | B79: ='2a.Detailpunkte'!E77 -> 0 | C79: ='2a.Detailpunkte'!F77 -> 0 | D79: =IF(Gesamtpunkte[[#This Row],[Versuch]]=0,"",Gesamtpunkte[[#This Row],[Versuch]]) | E79: {=INDEX(Gesamtpunkte[[Matr.-Nr.]:[Gesamtpunkte ]],_xlfn.XMATCH('3. Notenszenarien'!A79,Gesamtpunkte[Matr.-Nr.],0),5)} -> #N/A | F79: {=INDEX($S$4:$S$14,_xlfn.XMATCH(E79,$T$4:$T$14,-1),1)} -> #N/A | G79: {=INDEX($S$21:$S$31,_xlfn.XMATCH(E79,$T$21:$T$31,-1),1)} -> #N/A | H79: {=INDEX($S$38:$S$48,_xlfn.XMATCH(E79,$T$38:$T$48,-1),1)} -> #N/A | I79: =IF(ISNUMBER(A79),INDEX(F79:H79,1,MATCH($I$5,$F$4:$H$4)),"") | J79: =IF(ISNUMBER(A79),INDEX(K79:M79,1,MATCH($I$5,$K$4:$M$4)),"") | K79: {=INDEX($T$4:$T$14,_xlfn.XMATCH(E79,$T$4:$T$14,1))-E79} -> #N/A | L79: {=INDEX($T$21:$T$31,_xlfn.XMATCH(E79,$T$21:$T$31,1))-E79} -> #N/A | M79: {=INDEX($T$38:$T$48,_xlfn.XMATCH(E79,$T$38:$T$48,1))-E79} -> #N/A
A80: ='2a.Detailpunkte'!D78 -> #N/A | B80: ='2a.Detailpunkte'!E78 -> 0 | C80: ='2a.Detailpunkte'!F78 -> 0 | D80: =IF(Gesamtpunkte[[#This Row],[Versuch]]=0,"",Gesamtpunkte[[#This Row],[Versuch]]) | E80: {=INDEX(Gesamtpunkte[[Matr.-Nr.]:[Gesamtpunkte ]],_xlfn.XMATCH('3. Notenszenarien'!A80,Gesamtpunkte[Matr.-Nr.],0),5)} -> #N/A | F80: {=INDEX($S$4:$S$14,_xlfn.XMATCH(E80,$T$4:$T$14,-1),1)} -> #N/A | G80: {=INDEX($S$21:$S$31,_xlfn.XMATCH(E80,$T$21:$T$31,-1),1)} -> #N/A | H80: {=INDEX($S$38:$S$48,_xlfn.XMATCH(E80,$T$38:$T$48,-1),1)} -> #N/A | I80: =IF(ISNUMBER(A80),INDEX(F80:H80,1,MATCH($I$5,$F$4:$H$4)),"") | J80: =IF(ISNUMBER(A80),INDEX(K80:M80,1,MATCH($I$5,$K$4:$M$4)),"") | K80: {=INDEX($T$4:$T$14,_xlfn.XMATCH(E80,$T$4:$T$14,1))-E80} -> #N/A | L80: {=INDEX($T$21:$T$31,_xlfn.XMATCH(E80,$T$21:$T$31,1))-E80} -> #N/A | M80: {=INDEX($T$38:$T$48,_xlfn.XMATCH(E80,$T$38:$T$48,1))-E80} -> #N/A
A81: ='2a.Detailpunkte'!D79 -> #N/A | B81: ='2a.Detailpunkte'!E79 -> 0 | C81: ='2a.Detailpunkte'!F79 -> 0 | D81: =IF(Gesamtpunkte[[#This Row],[Versuch]]=0,"",Gesamtpunkte[[#This Row],[Versuch]]) | E81: {=INDEX(Gesamtpunkte[[Matr.-Nr.]:[Gesamtpunkte ]],_xlfn.XMATCH('3. Notenszenarien'!A81,Gesamtpunkte[Matr.-Nr.],0),5)} -> #N/A | F81: {=INDEX($S$4:$S$14,_xlfn.XMATCH(E81,$T$4:$T$14,-1),1)} -> #N/A | G81: {=INDEX($S$21:$S$31,_xlfn.XMATCH(E81,$T$21:$T$31,-1),1)} -> #N/A | H81: {=INDEX($S$38:$S$48,_xlfn.XMATCH(E81,$T$38:$T$48,-1),1)} -> #N/A | I81: =IF(ISNUMBER(A81),INDEX(F81:H81,1,MATCH($I$5,$F$4:$H$4)),"") | J81: =IF(ISNUMBER(A81),INDEX(K81:M81,1,MATCH($I$5,$K$4:$M$4)),"") | K81: {=INDEX($T$4:$T$14,_xlfn.XMATCH(E81,$T$4:$T$14,1))-E81} -> #N/A | L81: {=INDEX($T$21:$T$31,_xlfn.XMATCH(E81,$T$21:$T$31,1))-E81} -> #N/A | M81: {=INDEX($T$38:$T$48,_xlfn.XMATCH(E81,$T$38:$T$48,1))-E81} -> #N/A
A82: ='2a.Detailpunkte'!D80 -> #N/A | B82: ='2a.Detailpunkte'!E80 -> 0 | C82: ='2a.Detailpunkte'!F80 -> 0 | E82: {=INDEX(Gesamtpunkte[[Matr.-Nr.]:[Gesamtpunkte ]],_xlfn.XMATCH('3. Notenszenarien'!A82,Gesamtpunkte[Matr.-Nr.],0),5)} -> #N/A | F82: {=INDEX($S$4:$S$14,_xlfn.XMATCH(E82,$T$4:$T$14,-1),1)} -> #N/A | G82: {=INDEX($S$21:$S$31,_xlfn.XMATCH(E82,$T$21:$T$31,-1),1)} -> #N/A | H82: {=INDEX($S$38:$S$48,_xlfn.XMATCH(E82,$T$38:$T$48,-1),1)} -> #N/A | I82: =IF(ISNUMBER(A82),INDEX(F82:H82,1,MATCH($I$5,$F$4:$H$4)),"") | J82: =IF(ISNUMBER(A82),INDEX(K82:M82,1,MATCH($I$5,$K$4:$M$4)),"") | K82: {=INDEX($T$4:$T$14,_xlfn.XMATCH(E82,$T$4:$T$14,1))-E82} -> #N/A | L82: {=INDEX($T$21:$T$31,_xlfn.XMATCH(E82,$T$21:$T$31,1))-E82} -> #N/A | M82: {=INDEX($T$38:$T$48,_xlfn.XMATCH(E82,$T$38:$T$48,1))-E82} -> #N/A
A83: ='2a.Detailpunkte'!D81 -> #N/A | B83: ='2a.Detailpunkte'!E81 -> 0 | C83: ='2a.Detailpunkte'!F81 -> 0 | D83: =IF(Gesamtpunkte[[#This Row],[Versuch]]=0,"",Gesamtpunkte[[#This Row],[Versuch]]) | E83: {=INDEX(Gesamtpunkte[[Matr.-Nr.]:[Gesamtpunkte ]],_xlfn.XMATCH('3. Notenszenarien'!A83,Gesamtpunkte[Matr.-Nr.],0),5)} -> #N/A | F83: {=INDEX($S$4:$S$14,_xlfn.XMATCH(E83,$T$4:$T$14,-1),1)} -> #N/A | G83: {=INDEX($S$21:$S$31,_xlfn.XMATCH(E83,$T$21:$T$31,-1),1)} -> #N/A | H83: {=INDEX($S$38:$S$48,_xlfn.XMATCH(E83,$T$38:$T$48,-1),1)} -> #N/A | I83: =IF(ISNUMBER(A83),INDEX(F83:H83,1,MATCH($I$5,$F$4:$H$4)),"") | J83: =IF(ISNUMBER(A83),INDEX(K83:M83,1,MATCH($I$5,$K$4:$M$4)),"") | K83: {=INDEX($T$4:$T$14,_xlfn.XMATCH(E83,$T$4:$T$14,1))-E83} -> #N/A | L83: {=INDEX($T$21:$T$31,_xlfn.XMATCH(E83,$T$21:$T$31,1))-E83} -> #N/A | M83: {=INDEX($T$38:$T$48,_xlfn.XMATCH(E83,$T$38:$T$48,1))-E83} -> #N/A
A84: ='2a.Detailpunkte'!D82 -> #N/A | B84: ='2a.Detailpunkte'!E82 -> 0 | C84: ='2a.Detailpunkte'!F82 -> 0 | D84: =IF(Gesamtpunkte[[#This Row],[Versuch]]=0,"",Gesamtpunkte[[#This Row],[Versuch]]) | E84: {=INDEX(Gesamtpunkte[[Matr.-Nr.]:[Gesamtpunkte ]],_xlfn.XMATCH('3. Notenszenarien'!A84,Gesamtpunkte[Matr.-Nr.],0),5)} -> #N/A | F84: {=INDEX($S$4:$S$14,_xlfn.XMATCH(E84,$T$4:$T$14,-1),1)} -> #N/A | G84: {=INDEX($S$21:$S$31,_xlfn.XMATCH(E84,$T$21:$T$31,-1),1)} -> #N/A | H84: {=INDEX($S$38:$S$48,_xlfn.XMATCH(E84,$T$38:$T$48,-1),1)} -> #N/A | I84: =IF(ISNUMBER(A84),INDEX(F84:H84,1,MATCH($I$5,$F$4:$H$4)),"") | J84: =IF(ISNUMBER(A84),INDEX(K84:M84,1,MATCH($I$5,$K$4:$M$4)),"") | K84: {=INDEX($T$4:$T$14,_xlfn.XMATCH(E84,$T$4:$T$14,1))-E84} -> #N/A | L84: {=INDEX($T$21:$T$31,_xlfn.XMATCH(E84,$T$21:$T$31,1))-E84} -> #N/A | M84: {=INDEX($T$38:$T$48,_xlfn.XMATCH(E84,$T$38:$T$48,1))-E84} -> #N/A
A85: ='2a.Detailpunkte'!D83 -> #N/A | B85: ='2a.Detailpunkte'!E83 -> 0 | C85: ='2a.Detailpunkte'!F83 -> 0 | D85: =IF(Gesamtpunkte[[#This Row],[Versuch]]=0,"",Gesamtpunkte[[#This Row],[Versuch]]) | E85: {=INDEX(Gesamtpunkte[[Matr.-Nr.]:[Gesamtpunkte ]],_xlfn.XMATCH('3. Notenszenarien'!A85,Gesamtpunkte[Matr.-Nr.],0),5)} -> #N/A | F85: {=INDEX($S$4:$S$14,_xlfn.XMATCH(E85,$T$4:$T$14,-1),1)} -> #N/A | G85: {=INDEX($S$21:$S$31,_xlfn.XMATCH(E85,$T$21:$T$31,-1),1)} -> #N/A | H85: {=INDEX($S$38:$S$48,_xlfn.XMATCH(E85,$T$38:$T$48,-1),1)} -> #N/A | I85: =IF(ISNUMBER(A85),INDEX(F85:H85,1,MATCH($I$5,$F$4:$H$4)),"") | J85: =IF(ISNUMBER(A85),INDEX(K85:M85,1,MATCH($I$5,$K$4:$M$4)),"") | K85: {=INDEX($T$4:$T$14,_xlfn.XMATCH(E85,$T$4:$T$14,1))-E85} -> #N/A | L85: {=INDEX($T$21:$T$31,_xlfn.XMATCH(E85,$T$21:$T$31,1))-E85} -> #N/A | M85: {=INDEX($T$38:$T$48,_xlfn.XMATCH(E85,$T$38:$T$48,1))-E85} -> #N/A
A86: ='2a.Detailpunkte'!D84 -> #N/A | B86: ='2a.Detailpunkte'!E84 -> 0 | C86: ='2a.Detailpunkte'!F84 -> 0 | D86: =IF(Gesamtpunkte[[#This Row],[Versuch]]=0,"",Gesamtpunkte[[#This Row],[Versuch]]) | E86: {=INDEX(Gesamtpunkte[[Matr.-Nr.]:[Gesamtpunkte ]],_xlfn.XMATCH('3. Notenszenarien'!A86,Gesamtpunkte[Matr.-Nr.],0),5)} -> #N/A | F86: {=INDEX($S$4:$S$14,_xlfn.XMATCH(E86,$T$4:$T$14,-1),1)} -> #N/A | G86: {=INDEX($S$21:$S$31,_xlfn.XMATCH(E86,$T$21:$T$31,-1),1)} -> #N/A | H86: {=INDEX($S$38:$S$48,_xlfn.XMATCH(E86,$T$38:$T$48,-1),1)} -> #N/A | I86: =IF(ISNUMBER(A86),INDEX(F86:H86,1,MATCH($I$5,$F$4:$H$4)),"") | J86: =IF(ISNUMBER(A86),INDEX(K86:M86,1,MATCH($I$5,$K$4:$M$4)),"") | K86: {=INDEX($T$4:$T$14,_xlfn.XMATCH(E86,$T$4:$T$14,1))-E86} -> #N/A | L86: {=INDEX($T$21:$T$31,_xlfn.XMATCH(E86,$T$21:$T$31,1))-E86} -> #N/A | M86: {=INDEX($T$38:$T$48,_xlfn.XMATCH(E86,$T$38:$T$48,1))-E86} -> #N/A
A87: ='2a.Detailpunkte'!D85 -> #N/A | B87: ='2a.Detailpunkte'!E85 -> 0 | C87: ='2a.Detailpunkte'!F85 -> 0 | D87: =IF(Gesamtpunkte[[#This Row],[Versuch]]=0,"",Gesamtpunkte[[#This Row],[Versuch]]) | E87: {=INDEX(Gesamtpunkte[[Matr.-Nr.]:[Gesamtpunkte ]],_xlfn.XMATCH('3. Notenszenarien'!A87,Gesamtpunkte[Matr.-Nr.],0),5)} -> #N/A | F87: {=INDEX($S$4:$S$14,_xlfn.XMATCH(E87,$T$4:$T$14,-1),1)} -> #N/A | G87: {=INDEX($S$21:$S$31,_xlfn.XMATCH(E87,$T$21:$T$31,-1),1)} -> #N/A | H87: {=INDEX($S$38:$S$48,_xlfn.XMATCH(E87,$T$38:$T$48,-1),1)} -> #N/A | I87: =IF(ISNUMBER(A87),INDEX(F87:H87,1,MATCH($I$5,$F$4:$H$4)),"") | J87: =IF(ISNUMBER(A87),INDEX(K87:M87,1,MATCH($I$5,$K$4:$M$4)),"") | K87: {=INDEX($T$4:$T$14,_xlfn.XMATCH(E87,$T$4:$T$14,1))-E87} -> #N/A | L87: {=INDEX($T$21:$T$31,_xlfn.XMATCH(E87,$T$21:$T$31,1))-E87} -> #N/A | M87: {=INDEX($T$38:$T$48,_xlfn.XMATCH(E87,$T$38:$T$48,1))-E87} -> #N/A
A88: ='2a.Detailpunkte'!D86 -> #N/A | B88: ='2a.Detailpunkte'!E86 -> 0 | C88: ='2a.Detailpunkte'!F86 -> 0 | E88: {=INDEX(Gesamtpunkte[[Matr.-Nr.]:[Gesamtpunkte ]],_xlfn.XMATCH('3. Notenszenarien'!A88,Gesamtpunkte[Matr.-Nr.],0),5)} -> #N/A | F88: {=INDEX($S$4:$S$14,_xlfn.XMATCH(E88,$T$4:$T$14,-1),1)} -> #N/A | G88: {=INDEX($S$21:$S$31,_xlfn.XMATCH(E88,$T$21:$T$31,-1),1)} -> #N/A | H88: {=INDEX($S$38:$S$48,_xlfn.XMATCH(E88,$T$38:$T$48,-1),1)} -> #N/A | I88: =IF(ISNUMBER(A88),INDEX(F88:H88,1,MATCH($I$5,$F$4:$H$4)),"") | J88: =IF(ISNUMBER(A88),INDEX(K88:M88,1,MATCH($I$5,$K$4:$M$4)),"") | K88: {=INDEX($T$4:$T$14,_xlfn.XMATCH(E88,$T$4:$T$14,1))-E88} -> #N/A | L88: {=INDEX($T$21:$T$31,_xlfn.XMATCH(E88,$T$21:$T$31,1))-E88} -> #N/A | M88: {=INDEX($T$38:$T$48,_xlfn.XMATCH(E88,$T$38:$T$48,1))-E88} -> #N/A
A89: ='2a.Detailpunkte'!D87 -> #N/A | B89: ='2a.Detailpunkte'!E87 -> 0 | C89: ='2a.Detailpunkte'!F87 -> 0 | D89: =IF(Gesamtpunkte[[#This Row],[Versuch]]=0,"",Gesamtpunkte[[#This Row],[Versuch]]) | E89: {=INDEX(Gesamtpunkte[[Matr.-Nr.]:[Gesamtpunkte ]],_xlfn.XMATCH('3. Notenszenarien'!A89,Gesamtpunkte[Matr.-Nr.],0),5)} -> #N/A | F89: {=INDEX($S$4:$S$14,_xlfn.XMATCH(E89,$T$4:$T$14,-1),1)} -> #N/A | G89: {=INDEX($S$21:$S$31,_xlfn.XMATCH(E89,$T$21:$T$31,-1),1)} -> #N/A | H89: {=INDEX($S$38:$S$48,_xlfn.XMATCH(E89,$T$38:$T$48,-1),1)} -> #N/A | I89: =IF(ISNUMBER(A89),INDEX(F89:H89,1,MATCH($I$5,$F$4:$H$4)),"") | J89: =IF(ISNUMBER(A89),INDEX(K89:M89,1,MATCH($I$5,$K$4:$M$4)),"") | K89: {=INDEX($T$4:$T$14,_xlfn.XMATCH(E89,$T$4:$T$14,1))-E89} -> #N/A | L89: {=INDEX($T$21:$T$31,_xlfn.XMATCH(E89,$T$21:$T$31,1))-E89} -> #N/A | M89: {=INDEX($T$38:$T$48,_xlfn.XMATCH(E89,$T$38:$T$48,1))-E89} -> #N/A
A90: ='2a.Detailpunkte'!D88 -> #N/A | B90: ='2a.Detailpunkte'!E88 -> 0 | C90: ='2a.Detailpunkte'!F88 -> 0 | D90: =IF(Gesamtpunkte[[#This Row],[Versuch]]=0,"",Gesamtpunkte[[#This Row],[Versuch]]) | E90: {=INDEX(Gesamtpunkte[[Matr.-Nr.]:[Gesamtpunkte ]],_xlfn.XMATCH('3. Notenszenarien'!A90,Gesamtpunkte[Matr.-Nr.],0),5)} -> #N/A | F90: {=INDEX($S$4:$S$14,_xlfn.XMATCH(E90,$T$4:$T$14,-1),1)} -> #N/A | G90: {=INDEX($S$21:$S$31,_xlfn.XMATCH(E90,$T$21:$T$31,-1),1)} -> #N/A | H90: {=INDEX($S$38:$S$48,_xlfn.XMATCH(E90,$T$38:$T$48,-1),1)} -> #N/A | I90: =IF(ISNUMBER(A90),INDEX(F90:H90,1,MATCH($I$5,$F$4:$H$4)),"") | J90: =IF(ISNUMBER(A90),INDEX(K90:M90,1,MATCH($I$5,$K$4:$M$4)),"") | K90: {=INDEX($T$4:$T$14,_xlfn.XMATCH(E90,$T$4:$T$14,1))-E90} -> #N/A | L90: {=INDEX($T$21:$T$31,_xlfn.XMATCH(E90,$T$21:$T$31,1))-E90} -> #N/A | M90: {=INDEX($T$38:$T$48,_xlfn.XMATCH(E90,$T$38:$T$48,1))-E90} -> #N/A
A91: ='2a.Detailpunkte'!D89 -> #N/A | B91: ='2a.Detailpunkte'!E89 -> 0 | C91: ='2a.Detailpunkte'!F89 -> 0 | D91: =IF(Gesamtpunkte[[#This Row],[Versuch]]=0,"",Gesamtpunkte[[#This Row],[Versuch]]) | E91: {=INDEX(Gesamtpunkte[[Matr.-Nr.]:[Gesamtpunkte ]],_xlfn.XMATCH('3. Notenszenarien'!A91,Gesamtpunkte[Matr.-Nr.],0),5)} -> #N/A | F91: {=INDEX($S$4:$S$14,_xlfn.XMATCH(E91,$T$4:$T$14,-1),1)} -> #N/A | G91: {=INDEX($S$21:$S$31,_xlfn.XMATCH(E91,$T$21:$T$31,-1),1)} -> #N/A | H91: {=INDEX($S$38:$S$48,_xlfn.XMATCH(E91,$T$38:$T$48,-1),1)} -> #N/A | I91: =IF(ISNUMBER(A91),INDEX(F91:H91,1,MATCH($I$5,$F$4:$H$4)),"") | J91: =IF(ISNUMBER(A91),INDEX(K91:M91,1,MATCH($I$5,$K$4:$M$4)),"") | K91: {=INDEX($T$4:$T$14,_xlfn.XMATCH(E91,$T$4:$T$14,1))-E91} -> #N/A | L91: {=INDEX($T$21:$T$31,_xlfn.XMATCH(E91,$T$21:$T$31,1))-E91} -> #N/A | M91: {=INDEX($T$38:$T$48,_xlfn.XMATCH(E91,$T$38:$T$48,1))-E91} -> #N/A
A92: ='2a.Detailpunkte'!D90 -> #N/A | B92: ='2a.Detailpunkte'!E90 -> 0 | C92: ='2a.Detailpunkte'!F90 -> 0 | E92: {=INDEX(Gesamtpunkte[[Matr.-Nr.]:[Gesamtpunkte ]],_xlfn.XMATCH('3. Notenszenarien'!A92,Gesamtpunkte[Matr.-Nr.],0),5)} -> #N/A | F92: {=INDEX($S$4:$S$14,_xlfn.XMATCH(E92,$T$4:$T$14,-1),1)} -> #N/A | G92: {=INDEX($S$21:$S$31,_xlfn.XMATCH(E92,$T$21:$T$31,-1),1)} -> #N/A | H92: {=INDEX($S$38:$S$48,_xlfn.XMATCH(E92,$T$38:$T$48,-1),1)} -> #N/A | I92: =IF(ISNUMBER(A92),INDEX(F92:H92,1,MATCH($I$5,$F$4:$H$4)),"") | J92: =IF(ISNUMBER(A92),INDEX(K92:M92,1,MATCH($I$5,$K$4:$M$4)),"") | K92: {=INDEX($T$4:$T$14,_xlfn.XMATCH(E92,$T$4:$T$14,1))-E92} -> #N/A | L92: {=INDEX($T$21:$T$31,_xlfn.XMATCH(E92,$T$21:$T$31,1))-E92} -> #N/A | M92: {=INDEX($T$38:$T$48,_xlfn.XMATCH(E92,$T$38:$T$48,1))-E92} -> #N/A
A93: ='2a.Detailpunkte'!D91 -> #N/A | B93: ='2a.Detailpunkte'!E91 -> 0 | C93: ='2a.Detailpunkte'!F91 -> 0 | D93: =IF(Gesamtpunkte[[#This Row],[Versuch]]=0,"",Gesamtpunkte[[#This Row],[Versuch]]) | E93: {=INDEX(Gesamtpunkte[[Matr.-Nr.]:[Gesamtpunkte ]],_xlfn.XMATCH('3. Notenszenarien'!A93,Gesamtpunkte[Matr.-Nr.],0),5)} -> #N/A | F93: {=INDEX($S$4:$S$14,_xlfn.XMATCH(E93,$T$4:$T$14,-1),1)} -> #N/A | G93: {=INDEX($S$21:$S$31,_xlfn.XMATCH(E93,$T$21:$T$31,-1),1)} -> #N/A | H93: {=INDEX($S$38:$S$48,_xlfn.XMATCH(E93,$T$38:$T$48,-1),1)} -> #N/A | I93: =IF(ISNUMBER(A93),INDEX(F93:H93,1,MATCH($I$5,$F$4:$H$4)),"") | J93: =IF(ISNUMBER(A93),INDEX(K93:M93,1,MATCH($I$5,$K$4:$M$4)),"") | K93: {=INDEX($T$4:$T$14,_xlfn.XMATCH(E93,$T$4:$T$14,1))-E93} -> #N/A | L93: {=INDEX($T$21:$T$31,_xlfn.XMATCH(E93,$T$21:$T$31,1))-E93} -> #N/A | M93: {=INDEX($T$38:$T$48,_xlfn.XMATCH(E93,$T$38:$T$48,1))-E93} -> #N/A
A94: ='2a.Detailpunkte'!D92 -> #N/A | B94: ='2a.Detailpunkte'!E92 -> 0 | C94: ='2a.Detailpunkte'!F92 -> 0 | E94: {=INDEX(Gesamtpunkte[[Matr.-Nr.]:[Gesamtpunkte ]],_xlfn.XMATCH('3. Notenszenarien'!A94,Gesamtpunkte[Matr.-Nr.],0),5)} -> #N/A | F94: {=INDEX($S$4:$S$14,_xlfn.XMATCH(E94,$T$4:$T$14,-1),1)} -> #N/A | G94: {=INDEX($S$21:$S$31,_xlfn.XMATCH(E94,$T$21:$T$31,-1),1)} -> #N/A | H94: {=INDEX($S$38:$S$48,_xlfn.XMATCH(E94,$T$38:$T$48,-1),1)} -> #N/A | I94: =IF(ISNUMBER(A94),INDEX(F94:H94,1,MATCH($I$5,$F$4:$H$4)),"") | J94: =IF(ISNUMBER(A94),INDEX(K94:M94,1,MATCH($I$5,$K$4:$M$4)),"") | K94: {=INDEX($T$4:$T$14,_xlfn.XMATCH(E94,$T$4:$T$14,1))-E94} -> #N/A | L94: {=INDEX($T$21:$T$31,_xlfn.XMATCH(E94,$T$21:$T$31,1))-E94} -> #N/A | M94: {=INDEX($T$38:$T$48,_xlfn.XMATCH(E94,$T$38:$T$48,1))-E94} -> #N/A
A95: ='2a.Detailpunkte'!D93 -> #N/A | B95: ='2a.Detailpunkte'!E93 -> 0 | C95: ='2a.Detailpunkte'!F93 -> 0 | D95: =IF(Gesamtpunkte[[#This Row],[Versuch]]=0,"",Gesamtpunkte[[#This Row],[Versuch]]) | E95: {=INDEX(Gesamtpunkte[[Matr.-Nr.]:[Gesamtpunkte ]],_xlfn.XMATCH('3. Notenszenarien'!A95,Gesamtpunkte[Matr.-Nr.],0),5)} -> #N/A | F95: {=INDEX($S$4:$S$14,_xlfn.XMATCH(E95,$T$4:$T$14,-1),1)} -> #N/A | G95: {=INDEX($S$21:$S$31,_xlfn.XMATCH(E95,$T$21:$T$31,-1),1)} -> #N/A | H95: {=INDEX($S$38:$S$48,_xlfn.XMATCH(E95,$T$38:$T$48,-1),1)} -> #N/A | I95: =IF(ISNUMBER(A95),INDEX(F95:H95,1,MATCH($I$5,$F$4:$H$4)),"") | J95: =IF(ISNUMBER(A95),INDEX(K95:M95,1,MATCH($I$5,$K$4:$M$4)),"") | K95: {=INDEX($T$4:$T$14,_xlfn.XMATCH(E95,$T$4:$T$14,1))-E95} -> #N/A | L95: {=INDEX($T$21:$T$31,_xlfn.XMATCH(E95,$T$21:$T$31,1))-E95} -> #N/A | M95: {=INDEX($T$38:$T$48,_xlfn.XMATCH(E95,$T$38:$T$48,1))-E95} -> #N/A
A96: ='2a.Detailpunkte'!D94 -> #N/A | B96: ='2a.Detailpunkte'!E94 -> 0 | C96: ='2a.Detailpunkte'!F94 -> 0 | D96: =IF(Gesamtpunkte[[#This Row],[Versuch]]=0,"",Gesamtpunkte[[#This Row],[Versuch]]) | E96: {=INDEX(Gesamtpunkte[[Matr.-Nr.]:[Gesamtpunkte ]],_xlfn.XMATCH('3. Notenszenarien'!A96,Gesamtpunkte[Matr.-Nr.],0),5)} -> #N/A | F96: {=INDEX($S$4:$S$14,_xlfn.XMATCH(E96,$T$4:$T$14,-1),1)} -> #N/A | G96: {=INDEX($S$21:$S$31,_xlfn.XMATCH(E96,$T$21:$T$31,-1),1)} -> #N/A | H96: {=INDEX($S$38:$S$48,_xlfn.XMATCH(E96,$T$38:$T$48,-1),1)} -> #N/A | I96: =IF(ISNUMBER(A96),INDEX(F96:H96,1,MATCH($I$5,$F$4:$H$4)),"") | J96: =IF(ISNUMBER(A96),INDEX(K96:M96,1,MATCH($I$5,$K$4:$M$4)),"") | K96: {=INDEX($T$4:$T$14,_xlfn.XMATCH(E96,$T$4:$T$14,1))-E96} -> #N/A | L96: {=INDEX($T$21:$T$31,_xlfn.XMATCH(E96,$T$21:$T$31,1))-E96} -> #N/A | M96: {=INDEX($T$38:$T$48,_xlfn.XMATCH(E96,$T$38:$T$48,1))-E96} -> #N/A
A97: ='2a.Detailpunkte'!D95 -> #N/A | B97: ='2a.Detailpunkte'!E95 -> 0 | C97: ='2a.Detailpunkte'!F95 -> 0 | D97: =IF(Gesamtpunkte[[#This Row],[Versuch]]=0,"",Gesamtpunkte[[#This Row],[Versuch]]) | E97: {=INDEX(Gesamtpunkte[[Matr.-Nr.]:[Gesamtpunkte ]],_xlfn.XMATCH('3. Notenszenarien'!A97,Gesamtpunkte[Matr.-Nr.],0),5)} -> #N/A | F97: {=INDEX($S$4:$S$14,_xlfn.XMATCH(E97,$T$4:$T$14,-1),1)} -> #N/A | G97: {=INDEX($S$21:$S$31,_xlfn.XMATCH(E97,$T$21:$T$31,-1),1)} -> #N/A | H97: {=INDEX($S$38:$S$48,_xlfn.XMATCH(E97,$T$38:$T$48,-1),1)} -> #N/A | I97: =IF(ISNUMBER(A97),INDEX(F97:H97,1,MATCH($I$5,$F$4:$H$4)),"") | J97: =IF(ISNUMBER(A97),INDEX(K97:M97,1,MATCH($I$5,$K$4:$M$4)),"") | K97: {=INDEX($T$4:$T$14,_xlfn.XMATCH(E97,$T$4:$T$14,1))-E97} -> #N/A | L97: {=INDEX($T$21:$T$31,_xlfn.XMATCH(E97,$T$21:$T$31,1))-E97} -> #N/A | M97: {=INDEX($T$38:$T$48,_xlfn.XMATCH(E97,$T$38:$T$48,1))-E97} -> #N/A
A98: ='2a.Detailpunkte'!D96 -> #N/A | B98: ='2a.Detailpunkte'!E96 -> 0 | C98: ='2a.Detailpunkte'!F96 -> 0 | D98: =IF(Gesamtpunkte[[#This Row],[Versuch]]=0,"",Gesamtpunkte[[#This Row],[Versuch]]) | E98: {=INDEX(Gesamtpunkte[[Matr.-Nr.]:[Gesamtpunkte ]],_xlfn.XMATCH('3. Notenszenarien'!A98,Gesamtpunkte[Matr.-Nr.],0),5)} -> #N/A | F98: {=INDEX($S$4:$S$14,_xlfn.XMATCH(E98,$T$4:$T$14,-1),1)} -> #N/A | G98: {=INDEX($S$21:$S$31,_xlfn.XMATCH(E98,$T$21:$T$31,-1),1)} -> #N/A | H98: {=INDEX($S$38:$S$48,_xlfn.XMATCH(E98,$T$38:$T$48,-1),1)} -> #N/A | I98: =IF(ISNUMBER(A98),INDEX(F98:H98,1,MATCH($I$5,$F$4:$H$4)),"") | J98: =IF(ISNUMBER(A98),INDEX(K98:M98,1,MATCH($I$5,$K$4:$M$4)),"") | K98: {=INDEX($T$4:$T$14,_xlfn.XMATCH(E98,$T$4:$T$14,1))-E98} -> #N/A | L98: {=INDEX($T$21:$T$31,_xlfn.XMATCH(E98,$T$21:$T$31,1))-E98} -> #N/A | M98: {=INDEX($T$38:$T$48,_xlfn.XMATCH(E98,$T$38:$T$48,1))-E98} -> #N/A
A99: ='2a.Detailpunkte'!D97 -> #N/A | B99: ='2a.Detailpunkte'!E97 -> 0 | C99: ='2a.Detailpunkte'!F97 -> 0 | D99: =IF(Gesamtpunkte[[#This Row],[Versuch]]=0,"",Gesamtpunkte[[#This Row],[Versuch]]) | E99: {=INDEX(Gesamtpunkte[[Matr.-Nr.]:[Gesamtpunkte ]],_xlfn.XMATCH('3. Notenszenarien'!A99,Gesamtpunkte[Matr.-Nr.],0),5)} -> #N/A | F99: {=INDEX($S$4:$S$14,_xlfn.XMATCH(E99,$T$4:$T$14,-1),1)} -> #N/A | G99: {=INDEX($S$21:$S$31,_xlfn.XMATCH(E99,$T$21:$T$31,-1),1)} -> #N/A | H99: {=INDEX($S$38:$S$48,_xlfn.XMATCH(E99,$T$38:$T$48,-1),1)} -> #N/A | I99: =IF(ISNUMBER(A99),INDEX(F99:H99,1,MATCH($I$5,$F$4:$H$4)),"") | J99: =IF(ISNUMBER(A99),INDEX(K99:M99,1,MATCH($I$5,$K$4:$M$4)),"") | K99: {=INDEX($T$4:$T$14,_xlfn.XMATCH(E99,$T$4:$T$14,1))-E99} -> #N/A | L99: {=INDEX($T$21:$T$31,_xlfn.XMATCH(E99,$T$21:$T$31,1))-E99} -> #N/A | M99: {=INDEX($T$38:$T$48,_xlfn.XMATCH(E99,$T$38:$T$48,1))-E99} -> #N/A
A100: ='2a.Detailpunkte'!D98 -> #N/A | B100: ='2a.Detailpunkte'!E98 -> 0 | C100: ='2a.Detailpunkte'!F98 -> 0 | D100: =IF(Gesamtpunkte[[#This Row],[Versuch]]=0,"",Gesamtpunkte[[#This Row],[Versuch]]) | E100: {=INDEX(Gesamtpunkte[[Matr.-Nr.]:[Gesamtpunkte ]],_xlfn.XMATCH('3. Notenszenarien'!A100,Gesamtpunkte[Matr.-Nr.],0),5)} -> #N/A | F100: {=INDEX($S$4:$S$14,_xlfn.XMATCH(E100,$T$4:$T$14,-1),1)} -> #N/A | G100: {=INDEX($S$21:$S$31,_xlfn.XMATCH(E100,$T$21:$T$31,-1),1)} -> #N/A | H100: {=INDEX($S$38:$S$48,_xlfn.XMATCH(E100,$T$38:$T$48,-1),1)} -> #N/A | I100: =IF(ISNUMBER(A100),INDEX(F100:H100,1,MATCH($I$5,$F$4:$H$4)),"") | J100: =IF(ISNUMBER(A100),INDEX(K100:M100,1,MATCH($I$5,$K$4:$M$4)),"") | K100: {=INDEX($T$4:$T$14,_xlfn.XMATCH(E100,$T$4:$T$14,1))-E100} -> #N/A | L100: {=INDEX($T$21:$T$31,_xlfn.XMATCH(E100,$T$21:$T$31,1))-E100} -> #N/A | M100: {=INDEX($T$38:$T$48,_xlfn.XMATCH(E100,$T$38:$T$48,1))-E100} -> #N/A
A101: ='2a.Detailpunkte'!D99 -> #N/A | B101: ='2a.Detailpunkte'!E99 -> 0 | C101: ='2a.Detailpunkte'!F99 -> 0 | D101: =IF(Gesamtpunkte[[#This Row],[Versuch]]=0,"",Gesamtpunkte[[#This Row],[Versuch]]) | E101: {=INDEX(Gesamtpunkte[[Matr.-Nr.]:[Gesamtpunkte ]],_xlfn.XMATCH('3. Notenszenarien'!A101,Gesamtpunkte[Matr.-Nr.],0),5)} -> #N/A | F101: {=INDEX($S$4:$S$14,_xlfn.XMATCH(E101,$T$4:$T$14,-1),1)} -> #N/A | G101: {=INDEX($S$21:$S$31,_xlfn.XMATCH(E101,$T$21:$T$31,-1),1)} -> #N/A | H101: {=INDEX($S$38:$S$48,_xlfn.XMATCH(E101,$T$38:$T$48,-1),1)} -> #N/A | I101: =IF(ISNUMBER(A101),INDEX(F101:H101,1,MATCH($I$5,$F$4:$H$4)),"") | J101: =IF(ISNUMBER(A101),INDEX(K101:M101,1,MATCH($I$5,$K$4:$M$4)),"") | K101: {=INDEX($T$4:$T$14,_xlfn.XMATCH(E101,$T$4:$T$14,1))-E101} -> #N/A | L101: {=INDEX($T$21:$T$31,_xlfn.XMATCH(E101,$T$21:$T$31,1))-E101} -> #N/A | M101: {=INDEX($T$38:$T$48,_xlfn.XMATCH(E101,$T$38:$T$48,1))-E101} -> #N/A
...

Sheet 4. Noteneintrag
A1: 7820010 Finanzierung und Invest. | I1: Auf Antritte OHNE Prüfungsteilnahme prüfen!!
A4: Datum | C4: Datum
I5: Anmeldungen HISin One | J5: Antritt Prüfung | K5: No-Show Quote
I6: 192 | K6: =1-Anz_Antritt_Prüfung[[#This Row],[Antritt Prüfung]]/Anz_Anmeldung_QIS[[#This Row],[Anmeldungen HISin One]] -> 1
A7: Prof. Dr. Schöntag | C7: Prof. Dr. Hößl
G8: Antritte | H8: Test | I8: Antritte OHNE Prüfungsteilnahme | N8: Drittversuch
A9: startHISsheet | F9: endHISsheet | G9: =COUNTIF(E11:E356,"JA") -> 28 | H9: =COUNTIF(F11:F356,"JA") -> 28 | I9: =COUNTIF(H11:H356,"NEIN") -> 0 | N9: Zweitversuch
A10: Nachname | B10: Vorname | C10: Matrikelnummer | D10: bewertung | E10: Antritt | F10: Test
A11: Stud26 | B11: Pseudo | C11: 3513589 | D11: =IF(ISNUMBER(INDEX('2. Punkte_Prüfung'!$A$6:$D$1048576,MATCH('4. Noteneintrag'!C11,Gesamtpunkte[Matr.-Nr.],0),4)),INDEX('2. Punkte_Prüfung'!$A$6:$D$1048576,MATCH('4. Noteneintrag'!C11,Gesamtpunkte[Matr.-Nr.],0),4),"") -> 2 | E11: =IF(ISNUMBER(MATCH(C11,'1. Antritt_Prüfung'!$G$5:$G$233,0)),"Ja","-") -> Ja | F11: =IF(ISNUMBER(MATCH(C11,'2a.Detailpunkte'!$D$4:$D$352,0)),"Ja","-") -> Ja
A12: Stud04 | B12: Pseudo | C12: 3269604 | D12: =IF(ISNUMBER(INDEX('2. Punkte_Prüfung'!$A$6:$D$1048576,MATCH('4. Noteneintrag'!C12,Gesamtpunkte[Matr.-Nr.],0),4)),INDEX('2. Punkte_Prüfung'!$A$6:$D$1048576,MATCH('4. Noteneintrag'!C12,Gesamtpunkte[Matr.-Nr.],0),4),"") -> 1.3 | E12: =IF(ISNUMBER(MATCH(C12,'1. Antritt_Prüfung'!$G$5:$G$233,0)),"Ja","-") -> Ja | F12: =IF(ISNUMBER(MATCH(C12,'2a.Detailpunkte'!$D$4:$D$352,0)),"Ja","-") -> Ja
A13: Stud11 | B13: Pseudo | C13: 3340084 | D13: =IF(ISNUMBER(INDEX('2. Punkte_Prüfung'!$A$6:$D$1048576,MATCH('4. Noteneintrag'!C13,Gesamtpunkte[Matr.-Nr.],0),4)),INDEX('2. Punkte_Prüfung'!$A$6:$D$1048576,MATCH('4. Noteneintrag'!C13,Gesamtpunkte[Matr.-Nr.],0),4),"") | E13: =IF(ISNUMBER(MATCH(C13,'1. Antritt_Prüfung'!$G$5:$G$233,0)),"Ja","-") -> - | F13: =IF(ISNUMBER(MATCH(C13,'2a.Detailpunkte'!$D$4:$D$352,0)),"Ja","-") -> -
A14: Stud29 | B14: Pseudo | C14: 3517558 | D14: =IF(ISNUMBER(INDEX('2. Punkte_Prüfung'!$A$6:$D$1048576,MATCH('4. Noteneintrag'!C14,Gesamtpunkte[Matr.-Nr.],0),4)),INDEX('2. Punkte_Prüfung'!$A$6:$D$1048576,MATCH('4. Noteneintrag'!C14,Gesamtpunkte[Matr.-Nr.],0),4),"") -> 2.3 | E14: =IF(ISNUMBER(MATCH(C14,'1. Antritt_Prüfung'!$G$5:$G$233,0)),"Ja","-") -> Ja | F14: =IF(ISNUMBER(MATCH(C14,'2a.Detailpunkte'!$D$4:$D$352,0)),"Ja","-") -> Ja
A15: Stud21 | B15: Pseudo | C15: 3478653 | D15: =IF(ISNUMBER(INDEX('2. Punkte_Prüfung'!$A$6:$D$1048576,MATCH('4. Noteneintrag'!C15,Gesamtpunkte[Matr.-Nr.],0),4)),INDEX('2. Punkte_Prüfung'!$A$6:$D$1048576,MATCH('4. Noteneintrag'!C15,Gesamtpunkte[Matr.-Nr.],0),4),"") -> 1.3 | E15: =IF(ISNUMBER(MATCH(C15,'1. Antritt_Prüfung'!$G$5:$G$233,0)),"Ja","-") -> Ja | F15: =IF(ISNUMBER(MATCH(C15,'2a.Detailpunkte'!$D$4:$D$352,0)),"Ja","-") -> Ja
A16: Stud01 | B16: Pseudo | C16: 3173903 | D16: =IF(ISNUMBER(INDEX('2. Punkte_Prüfung'!$A$6:$D$1048576,MATCH('4. Noteneintrag'!C16,Gesamtpunkte[Matr.-Nr.],0),4)),INDEX('2. Punkte_Prüfung'!$A$6:$D$1048576,MATCH('4. Noteneintrag'!C16,Gesamtpunkte[Matr.-Nr.],0),4),"") -> 1.7 | E16: =IF(ISNUMBER(MATCH(C16,'1. Antritt_Prüfung'!$G$5:$G$233,0)),"Ja","-") -> Ja | F16: =IF(ISNUMBER(MATCH(C16,'2a.Detailpunkte'!$D$4:$D$352,0)),"Ja","-") -> Ja
A17: Stud15 | B17: Pseudo | C17: 3472086 | D17: =IF(ISNUMBER(INDEX('2. Punkte_Prüfung'!$A$6:$D$1048576,MATCH('4. Noteneintrag'!C17,Gesamtpunkte[Matr.-Nr.],0),4)),INDEX('2. Punkte_Prüfung'!$A$6:$D$1048576,MATCH('4. Noteneintrag'!C17,Gesamtpunkte[Matr.-Nr.],0),4),"") -> 2.3 | E17: =IF(ISNUMBER(MATCH(C17,'1. Antritt_Prüfung'!$G$5:$G$233,0)),"Ja","-") -> Ja | F17: =IF(ISNUMBER(MATCH(C17,'2a.Detailpunkte'!$D$4:$D$352,0)),"Ja","-") -> Ja
A18: Stud20 | B18: Pseudo | C18: 3478426 | D18: =IF(ISNUMBER(INDEX('2. Punkte_Prüfung'!$A$6:$D$1048576,MATCH('4. Noteneintrag'!C18,Gesamtpunkte[Matr.-Nr.],0),4)),INDEX('2. Punkte_Prüfung'!$A$6:$D$1048576,MATCH('4. Noteneintrag'!C18,Gesamtpunkte[Matr.-Nr.],0),4),"") -> 1.7 | E18: =IF(ISNUMBER(MATCH(C18,'1. Antritt_Prüfung'!$G$5:$G$233,0)),"Ja","-") -> Ja | F18: =IF(ISNUMBER(MATCH(C18,'2a.Detailpunkte'!$D$4:$D$352,0)),"Ja","-") -> Ja
A19: Stud12 | B19: Pseudo | C19: 3361157 | D19: =IF(ISNUMBER(INDEX('2. Punkte_Prüfung'!$A$6:$D$1048576,MATCH('4. Noteneintrag'!C19,Gesamtpunkte[Matr.-Nr.],0),4)),INDEX('2. Punkte_Prüfung'!$A$6:$D$1048576,MATCH('4. Noteneintrag'!C19,Gesamtpunkte[Matr.-Nr.],0),4),"") -> 1.3 | E19: =IF(ISNUMBER(MATCH(C19,'1. Antritt_Prüfung'!$G$5:$G$233,0)),"Ja","-") -> Ja | F19: =IF(ISNUMBER(MATCH(C19,'2a.Detailpunkte'!$D$4:$D$352,0)),"Ja","-") -> Ja
A20: Stud18 | B20: Pseudo | C20: 3475876 | D20: =IF(ISNUMBER(INDEX('2. Punkte_Prüfung'!$A$6:$D$1048576,MATCH('4. Noteneintrag'!C20,Gesamtpunkte[Matr.-Nr.],0),4)),INDEX('2. Punkte_Prüfung'!$A$6:$D$1048576,MATCH('4. Noteneintrag'!C20,Gesamtpunkte[Matr.-Nr.],0),4),"") -> 1.3 | E20: =IF(ISNUMBER(MATCH(C20,'1. Antritt_Prüfung'!$G$5:$G$233,0)),"Ja","-") -> Ja | F20: =IF(ISNUMBER(MATCH(C20,'2a.Detailpunkte'!$D$4:$D$352,0)),"Ja","-") -> Ja
A21: Stud16 | B21: Pseudo | C21: 3474220 | D21: =IF(ISNUMBER(INDEX('2. Punkte_Prüfung'!$A$6:$D$1048576,MATCH('4. Noteneintrag'!C21,Gesamtpunkte[Matr.-Nr.],0),4)),INDEX('2. Punkte_Prüfung'!$A$6:$D$1048576,MATCH('4. Noteneintrag'!C21,Gesamtpunkte[Matr.-Nr.],0),4),"") -> 2.7 | E21: =IF(ISNUMBER(MATCH(C21,'1. Antritt_Prüfung'!$G$5:$G$233,0)),"Ja","-") -> Ja | F21: =IF(ISNUMBER(MATCH(C21,'2a.Detailpunkte'!$D$4:$D$352,0)),"Ja","-") -> Ja
A22: Stud17 | B22: Pseudo | C22: 3474262 | D22: =IF(ISNUMBER(INDEX('2. Punkte_Prüfung'!$A$6:$D$1048576,MATCH('4. Noteneintrag'!C22,Gesamtpunkte[Matr.-Nr.],0),4)),INDEX('2. Punkte_Prüfung'!$A$6:$D$1048576,MATCH('4. Noteneintrag'!C22,Gesamtpunkte[Matr.-Nr.],0),4),"") -> 2 | E22: =IF(ISNUMBER(MATCH(C22,'1. Antritt_Prüfung'!$G$5:$G$233,0)),"Ja","-") -> Ja | F22: =IF(ISNUMBER(MATCH(C22,'2a.Detailpunkte'!$D$4:$D$352,0)),"Ja","-") -> Ja
... A39: Stud24 | B39: Pseudo | C39: 3491126 | D39: =IF(ISNUMBER(INDEX('2. Punkte_Prüfung'!$A$6:$D$1048576,MATCH('4. Noteneintrag'!C39,Gesamtpunkte[Matr.-Nr.],0),4)),INDEX('2. Punkte_Prüfung'!$A$6:$D$1048576,MATCH('4. Noteneintrag'!C39,Gesamtpunkte[Matr.-Nr.],0),4),"") -> 1.7 | E39: =IF(ISNUMBER(MATCH(C39,'1. Antritt_Prüfung'!$G$5:$G$233,0)),"Ja","-") -> Ja | F39: =IF(ISNUMBER(MATCH(C39,'2a.Detailpunkte'!$D$4:$D$352,0)),"Ja","-") -> Ja
D40: =IF(ISNUMBER(INDEX('2. Punkte_Prüfung'!$A$6:$D$1048576,MATCH('4. Noteneintrag'!#REF!,Gesamtpunkte[Matr.-Nr.],0),4)),INDEX('2. Punkte_Prüfung'!$A$6:$D$1048576,MATCH('4. Noteneintrag'!#REF!,Gesamtpunkte[Matr.-Nr.],0),4),"") | E40: =IF(ISNUMBER(MATCH(#REF!,'1. Antritt_Prüfung'!$G$5:$G$233,0)),"Ja","-") -> - | F40: =IF(ISNUMBER(MATCH(#REF!,'2a.Detailpunkte'!$D$4:$D$352,0)),"Ja","-") -> -
D41: =IF(ISNUMBER(INDEX('2. Punkte_Prüfung'!$A$6:$D$1048576,MATCH('4. Noteneintrag'!#REF!,Gesamtpunkte[Matr.-Nr.],0),4)),INDEX('2. Punkte_Prüfung'!$A$6:$D$1048576,MATCH('4. Noteneintrag'!#REF!,Gesamtpunkte[Matr.-Nr.],0),4),"") | E41: =IF(ISNUMBER(MATCH(#REF!,'1. Antritt_Prüfung'!$G$5:$G$233,0)),"Ja","-") -> - | F41: =IF(ISNUMBER(MATCH(#REF!,'2a.Detailpunkte'!$D$4:$D$352,0)),"Ja","-") -> -
D42: =IF(ISNUMBER(INDEX('2. Punkte_Prüfung'!$A$6:$D$1048576,MATCH('4. Noteneintrag'!#REF!,Gesamtpunkte[Matr.-Nr.],0),4)),INDEX('2. Punkte_Prüfung'!$A$6:$D$1048576,MATCH('4. Noteneintrag'!#REF!,Gesamtpunkte[Matr.-Nr.],0),4),"") | E42: =IF(ISNUMBER(MATCH(#REF!,'1. Antritt_Prüfung'!$G$5:$G$233,0)),"Ja","-") -> - | F42: =IF(ISNUMBER(MATCH(#REF!,'2a.Detailpunkte'!$D$4:$D$352,0)),"Ja","-") -> -
D43: =IF(ISNUMBER(INDEX('2. Punkte_Prüfung'!$A$6:$D$1048576,MATCH('4. Noteneintrag'!#REF!,Gesamtpunkte[Matr.-Nr.],0),4)),INDEX('2. Punkte_Prüfung'!$A$6:$D$1048576,MATCH('4. Noteneintrag'!#REF!,Gesamtpunkte[Matr.-Nr.],0),4),"") | E43: =IF(ISNUMBER(MATCH(#REF!,'1. Antritt_Prüfung'!$G$5:$G$233,0)),"Ja","-") -> - | F43: =IF(ISNUMBER(MATCH(#REF!,'2a.Detailpunkte'!$D$4:$D$352,0)),"Ja","-") -> -
D44: =IF(ISNUMBER(INDEX('2. Punkte_Prüfung'!$A$6:$D$1048576,MATCH('4. Noteneintrag'!#REF!,Gesamtpunkte[Matr.-Nr.],0),4)),INDEX('2. Punkte_Prüfung'!$A$6:$D$1048576,MATCH('4. Noteneintrag'!#REF!,Gesamtpunkte[Matr.-Nr.],0),4),"") | E44: =IF(ISNUMBER(MATCH(#REF!,'1. Antritt_Prüfung'!$G$5:$G$233,0)),"Ja","-") -> - | F44: =IF(ISNUMBER(MATCH(#REF!,'2a.Detailpunkte'!$D$4:$D$352,0)),"Ja","-") -> -
D45: =IF(ISNUMBER(INDEX('2. Punkte_Prüfung'!$A$6:$D$1048576,MATCH('4. Noteneintrag'!#REF!,Gesamtpunkte[Matr.-Nr.],0),4)),INDEX('2. Punkte_Prüfung'!$A$6:$D$1048576,MATCH('4. Noteneintrag'!#REF!,Gesamtpunkte[Matr.-Nr.],0),4),"") | E45: =IF(ISNUMBER(MATCH(#REF!,'1. Antritt_Prüfung'!$G$5:$G$233,0)),"Ja","-") -> - | F45: =IF(ISNUMBER(MATCH(#REF!,'2a.Detailpunkte'!$D$4:$D$352,0)),"Ja","-") -> -
D46: =IF(ISNUMBER(INDEX('2. Punkte_Prüfung'!$A$6:$D$1048576,MATCH('4. Noteneintrag'!#REF!,Gesamtpunkte[Matr.-Nr.],0),4)),INDEX('2. Punkte_Prüfung'!$A$6:$D$1048576,MATCH('4. Noteneintrag'!#REF!,Gesamtpunkte[Matr.-Nr.],0),4),"") | E46: =IF(ISNUMBER(MATCH(#REF!,'1. Antritt_Prüfung'!$G$5:$G$233,0)),"Ja","-") -> - | F46: =IF(ISNUMBER(MATCH(#REF!,'2a.Detailpunkte'!$D$4:$D$352,0)),"Ja","-") -> -
D47: =IF(ISNUMBER(INDEX('2. Punkte_Prüfung'!$A$6:$D$1048576,MATCH('4. Noteneintrag'!#REF!,Gesamtpunkte[Matr.-Nr.],0),4)),INDEX('2. Punkte_Prüfung'!$A$6:$D$1048576,MATCH('4. Noteneintrag'!#REF!,Gesamtpunkte[Matr.-Nr.],0),4),"") | E47: =IF(ISNUMBER(MATCH(#REF!,'1. Antritt_Prüfung'!$G$5:$G$233,0)),"Ja","-") -> - | F47: =IF(ISNUMBER(MATCH(#REF!,'2a.Detailpunkte'!$D$4:$D$352,0)),"Ja","-") -> -
D48: =IF(ISNUMBER(INDEX('2. Punkte_Prüfung'!$A$6:$D$1048576,MATCH('4. Noteneintrag'!#REF!,Gesamtpunkte[Matr.-Nr.],0),4)),INDEX('2. Punkte_Prüfung'!$A$6:$D$1048576,MATCH('4. Noteneintrag'!#REF!,Gesamtpunkte[Matr.-Nr.],0),4),"") | E48: =IF(ISNUMBER(MATCH(#REF!,'1. Antritt_Prüfung'!$G$5:$G$233,0)),"Ja","-") -> - | F48: =IF(ISNUMBER(MATCH(#REF!,'2a.Detailpunkte'!$D$4:$D$352,0)),"Ja","-") -> -
D49: =IF(ISNUMBER(INDEX('2. Punkte_Prüfung'!$A$6:$D$1048576,MATCH('4. Noteneintrag'!#REF!,Gesamtpunkte[Matr.-Nr.],0),4)),INDEX('2. Punkte_Prüfung'!$A$6:$D$1048576,MATCH('4. Noteneintrag'!#REF!,Gesamtpunkte[Matr.-Nr.],0),4),"") | E49: =IF(ISNUMBER(MATCH(#REF!,'1. Antritt_Prüfung'!$G$5:$G$233,0)),"Ja","-") -> - | F49: =IF(ISNUMBER(MATCH(#REF!,'2a.Detailpunkte'!$D$4:$D$352,0)),"Ja","-") -> -
D50: =IF(ISNUMBER(INDEX('2. Punkte_Prüfung'!$A$6:$D$1048576,MATCH('4. Noteneintrag'!#REF!,Gesamtpunkte[Matr.-Nr.],0),4)),INDEX('2. Punkte_Prüfung'!$A$6:$D$1048576,MATCH('4. Noteneintrag'!#REF!,Gesamtpunkte[Matr.-Nr.],0),4),"") | E50: =IF(ISNUMBER(MATCH(#REF!,'1. Antritt_Prüfung'!$G$5:$G$233,0)),"Ja","-") -> - | F50: =IF(ISNUMBER(MATCH(#REF!,'2a.Detailpunkte'!$D$4:$D$352,0)),"Ja","-") -> -
D51: =IF(ISNUMBER(INDEX('2. Punkte_Prüfung'!$A$6:$D$1048576,MATCH('4. Noteneintrag'!#REF!,Gesamtpunkte[Matr.-Nr.],0),4)),INDEX('2. Punkte_Prüfung'!$A$6:$D$1048576,MATCH('4. Noteneintrag'!#REF!,Gesamtpunkte[Matr.-Nr.],0),4),"") | E51: =IF(ISNUMBER(MATCH(#REF!,'1. Antritt_Prüfung'!$G$5:$G$233,0)),"Ja","-") -> - | F51: =IF(ISNUMBER(MATCH(#REF!,'2a.Detailpunkte'!$D$4:$D$352,0)),"Ja","-") -> -
... D124: =IF(ISNUMBER(INDEX('2. Punkte_Prüfung'!$A$6:$D$1048576,MATCH('4. Noteneintrag'!#REF!,Gesamtpunkte[Matr.-Nr.],0),4)),INDEX('2. Punkte_Prüfung'!$A$6:$D$1048576,MATCH('4. Noteneintrag'!#REF!,Gesamtpunkte[Matr.-Nr.],0),4),"") | E124: =IF(ISNUMBER(MATCH(#REF!,'1. Antritt_Prüfung'!$G$5:$G$233,0)),"Ja","-") -> - | F124: =IF(ISNUMBER(MATCH(#REF!,'2a.Detailpunkte'!$D$4:$D$352,0)),"Ja","-") -> -
D125: =IF(ISNUMBER(INDEX('2. Punkte_Prüfung'!$A$6:$D$1048576,MATCH('4. Noteneintrag'!#REF!,Gesamtpunkte[Matr.-Nr.],0),4)),INDEX('2. Punkte_Prüfung'!$A$6:$D$1048576,MATCH('4. Noteneintrag'!#REF!,Gesamtpunkte[Matr.-Nr.],0),4),"") | E125: =IF(ISNUMBER(MATCH(C40,'1. Antritt_Prüfung'!$G$5:$G$233,0)),"Ja","-") -> - | F125: =IF(ISNUMBER(MATCH(#REF!,'2a.Detailpunkte'!$D$4:$D$352,0)),"Ja","-") -> -
D126: =IF(ISNUMBER(INDEX('2. Punkte_Prüfung'!$A$6:$D$1048576,MATCH('4. Noteneintrag'!#REF!,Gesamtpunkte[Matr.-Nr.],0),4)),INDEX('2. Punkte_Prüfung'!$A$6:$D$1048576,MATCH('4. Noteneintrag'!#REF!,Gesamtpunkte[Matr.-Nr.],0),4),"") | E126: =IF(ISNUMBER(MATCH(C41,'1. Antritt_Prüfung'!$G$5:$G$233,0)),"Ja","-") -> - | F126: =IF(ISNUMBER(MATCH(#REF!,'2a.Detailpunkte'!$D$4:$D$352,0)),"Ja","-") -> -
D127: =IF(ISNUMBER(INDEX('2. Punkte_Prüfung'!$A$6:$D$1048576,MATCH('4. Noteneintrag'!#REF!,Gesamtpunkte[Matr.-Nr.],0),4)),INDEX('2. Punkte_Prüfung'!$A$6:$D$1048576,MATCH('4. Noteneintrag'!#REF!,Gesamtpunkte[Matr.-Nr.],0),4),"") | E127: =IF(ISNUMBER(MATCH(C42,'1. Antritt_Prüfung'!$G$5:$G$233,0)),"Ja","-") -> - | F127: =IF(ISNUMBER(MATCH(#REF!,'2a.Detailpunkte'!$D$4:$D$352,0)),"Ja","-") -> -
D128: =IF(ISNUMBER(INDEX('2. Punkte_Prüfung'!$A$6:$D$1048576,MATCH('4. Noteneintrag'!#REF!,Gesamtpunkte[Matr.-Nr.],0),4)),INDEX('2. Punkte_Prüfung'!$A$6:$D$1048576,MATCH('4. Noteneintrag'!#REF!,Gesamtpunkte[Matr.-Nr.],0),4),"") | E128: =IF(ISNUMBER(MATCH(C43,'1. Antritt_Prüfung'!$G$5:$G$233,0)),"Ja","-") -> - | F128: =IF(ISNUMBER(MATCH(#REF!,'2a.Detailpunkte'!$D$4:$D$352,0)),"Ja","-") -> -
D129: =IF(ISNUMBER(INDEX('2. Punkte_Prüfung'!$A$6:$D$1048576,MATCH('4. Noteneintrag'!#REF!,Gesamtpunkte[Matr.-Nr.],0),4)),INDEX('2. Punkte_Prüfung'!$A$6:$D$1048576,MATCH('4. Noteneintrag'!#REF!,Gesamtpunkte[Matr.-Nr.],0),4),"") | E129: =IF(ISNUMBER(MATCH(C44,'1. Antritt_Prüfung'!$G$5:$G$233,0)),"Ja","-") -> - | F129: =IF(ISNUMBER(MATCH(#REF!,'2a.Detailpunkte'!$D$4:$D$352,0)),"Ja","-") -> -
D130: =IF(ISNUMBER(INDEX('2. Punkte_Prüfung'!$A$6:$D$1048576,MATCH('4. Noteneintrag'!#REF!,Gesamtpunkte[Matr.-Nr.],0),4)),INDEX('2. Punkte_Prüfung'!$A$6:$D$1048576,MATCH('4. Noteneintrag'!#REF!,Gesamtpunkte[Matr.-Nr.],0),4),"") | E130: =IF(ISNUMBER(MATCH(C45,'1. Antritt_Prüfung'!$G$5:$G$233,0)),"Ja","-") -> - | F130: =IF(ISNUMBER(MATCH(#REF!,'2a.Detailpunkte'!$D$4:$D$352,0)),"Ja","-") -> -
D131: =IF(ISNUMBER(INDEX('2. Punkte_Prüfung'!$A$6:$D$1048576,MATCH('4. Noteneintrag'!#REF!,Gesamtpunkte[Matr.-Nr.],0),4)),INDEX('2. Punkte_Prüfung'!$A$6:$D$1048576,MATCH('4. Noteneintrag'!#REF!,Gesamtpunkte[Matr.-Nr.],0),4),"") | E131: =IF(ISNUMBER(MATCH(C46,'1. Antritt_Prüfung'!$G$5:$G$233,0)),"Ja","-") -> - | F131: =IF(ISNUMBER(MATCH(#REF!,'2a.Detailpunkte'!$D$4:$D$352,0)),"Ja","-") -> -
D132: =IF(ISNUMBER(INDEX('2. Punkte_Prüfung'!$A$6:$D$1048576,MATCH('4. Noteneintrag'!#REF!,Gesamtpunkte[Matr.-Nr.],0),4)),INDEX('2. Punkte_Prüfung'!$A$6:$D$1048576,MATCH('4. Noteneintrag'!#REF!,Gesamtpunkte[Matr.-Nr.],0),4),"") | E132: =IF(ISNUMBER(MATCH(C47,'1. Antritt_Prüfung'!$G$5:$G$233,0)),"Ja","-") -> - | F132: =IF(ISNUMBER(MATCH(#REF!,'2a.Detailpunkte'!$D$4:$D$352,0)),"Ja","-") -> -
D133: =IF(ISNUMBER(INDEX('2. Punkte_Prüfung'!$A$6:$D$1048576,MATCH('4. Noteneintrag'!#REF!,Gesamtpunkte[Matr.-Nr.],0),4)),INDEX('2. Punkte_Prüfung'!$A$6:$D$1048576,MATCH('4. Noteneintrag'!#REF!,Gesamtpunkte[Matr.-Nr.],0),4),"") | E133: =IF(ISNUMBER(MATCH(C48,'1. Antritt_Prüfung'!$G$5:$G$233,0)),"Ja","-") -> - | F133: =IF(ISNUMBER(MATCH(#REF!,'2a.Detailpunkte'!$D$4:$D$352,0)),"Ja","-") -> -
D134: =IF(ISNUMBER(INDEX('2. Punkte_Prüfung'!$A$6:$D$1048576,MATCH('4. Noteneintrag'!#REF!,Gesamtpunkte[Matr.-Nr.],0),4)),INDEX('2. Punkte_Prüfung'!$A$6:$D$1048576,MATCH('4. Noteneintrag'!#REF!,Gesamtpunkte[Matr.-Nr.],0),4),"") | E134: =IF(ISNUMBER(MATCH(C49,'1. Antritt_Prüfung'!$G$5:$G$233,0)),"Ja","-") -> - | F134: =IF(ISNUMBER(MATCH(#REF!,'2a.Detailpunkte'!$D$4:$D$352,0)),"Ja","-") -> -
D135: =IF(ISNUMBER(INDEX('2. Punkte_Prüfung'!$A$6:$D$1048576,MATCH('4. Noteneintrag'!#REF!,Gesamtpunkte[Matr.-Nr.],0),4)),INDEX('2. Punkte_Prüfung'!$A$6:$D$1048576,MATCH('4. Noteneintrag'!#REF!,Gesamtpunkte[Matr.-Nr.],0),4),"") | E135: =IF(ISNUMBER(MATCH(C50,'1. Antritt_Prüfung'!$G$5:$G$233,0)),"Ja","-") -> - | F135: =IF(ISNUMBER(MATCH(#REF!,'2a.Detailpunkte'!$D$4:$D$352,0)),"Ja","-") -> -
D136: =IF(ISNUMBER(INDEX('2. Punkte_Prüfung'!$A$6:$D$1048576,MATCH('4. Noteneintrag'!#REF!,Gesamtpunkte[Matr.-Nr.],0),4)),INDEX('2. Punkte_Prüfung'!$A$6:$D$1048576,MATCH('4. Noteneintrag'!#REF!,Gesamtpunkte[Matr.-Nr.],0),4),"") | E136: =IF(ISNUMBER(MATCH(C51,'1. Antritt_Prüfung'!$G$5:$G$233,0)),"Ja","-") -> - | F136: =IF(ISNUMBER(MATCH(#REF!,'2a.Detailpunkte'!$D$4:$D$352,0)),"Ja","-") -> -
... D203: =IF(ISNUMBER(INDEX('2. Punkte_Prüfung'!$A$6:$D$1048576,MATCH('4. Noteneintrag'!#REF!,Gesamtpunkte[Matr.-Nr.],0),4)),INDEX('2. Punkte_Prüfung'!$A$6:$D$1048576,MATCH('4. Noteneintrag'!#REF!,Gesamtpunkte[Matr.-Nr.],0),4),"") | E203: =IF(ISNUMBER(MATCH(C118,'1. Antritt_Prüfung'!$G$5:$G$233,0)),"Ja","-") -> - | F203: =IF(ISNUMBER(MATCH(#REF!,'2a.Detailpunkte'!$D$4:$D$352,0)),"Ja","-") -> -
D204: =IF(ISNUMBER(INDEX('2. Punkte_Prüfung'!$A$6:$D$1048576,MATCH('4. Noteneintrag'!#REF!,Gesamtpunkte[Matr.-Nr.],0),4)),INDEX('2. Punkte_Prüfung'!$A$6:$D$1048576,MATCH('4. Noteneintrag'!#REF!,Gesamtpunkte[Matr.-Nr.],0),4),"") | E204: =IF(ISNUMBER(MATCH(C119,'1. Antritt_Prüfung'!$G$5:$G$233,0)),"Ja","-") -> - | F204: =IF(ISNUMBER(MATCH(#REF!,'2a.Detailpunkte'!$D$4:$D$352,0)),"Ja","-") -> - | G204: =IF(ISNUMBER(MATCH(D204,'1. Antritt_Prüfung'!$H$107:$H$307,0)),"Ja","-") -> - | H204: =IF(ISNUMBER(MATCH(D204,'2a.Detailpunkte'!$D$4:$D$352,0)),"Ja","-") -> -
D205: =IF(ISNUMBER(INDEX('2. Punkte_Prüfung'!$A$6:$D$1048576,MATCH('4. Noteneintrag'!#REF!,Gesamtpunkte[Matr.-Nr.],0),4)),INDEX('2. Punkte_Prüfung'!$A$6:$D$1048576,MATCH('4. Noteneintrag'!#REF!,Gesamtpunkte[Matr.-Nr.],0),4),"") | E205: =IF(ISNUMBER(MATCH(C120,'1. Antritt_Prüfung'!$G$5:$G$233,0)),"Ja","-") -> - | F205: =IF(ISNUMBER(MATCH(#REF!,'2a.Detailpunkte'!$D$4:$D$352,0)),"Ja","-") -> - | G205: =IF(ISNUMBER(MATCH(D205,'1. Antritt_Prüfung'!$H$107:$H$307,0)),"Ja","-") -> - | H205: =IF(ISNUMBER(MATCH(D205,'2a.Detailpunkte'!$D$4:$D$352,0)),"Ja","-") -> -
D206: =IF(ISNUMBER(INDEX('2. Punkte_Prüfung'!$A$6:$D$1048576,MATCH('4. Noteneintrag'!#REF!,Gesamtpunkte[Matr.-Nr.],0),4)),INDEX('2. Punkte_Prüfung'!$A$6:$D$1048576,MATCH('4. Noteneintrag'!#REF!,Gesamtpunkte[Matr.-Nr.],0),4),"") | E206: =IF(ISNUMBER(MATCH(C121,'1. Antritt_Prüfung'!$G$5:$G$233,0)),"Ja","-") -> - | F206: =IF(ISNUMBER(MATCH(#REF!,'2a.Detailpunkte'!$D$4:$D$352,0)),"Ja","-") -> - | G206: =IF(ISNUMBER(MATCH(D206,'1. Antritt_Prüfung'!$H$107:$H$307,0)),"Ja","-") -> - | H206: =IF(ISNUMBER(MATCH(D206,'2a.Detailpunkte'!$D$4:$D$352,0)),"Ja","-") -> -
D207: =IF(ISNUMBER(INDEX('2. Punkte_Prüfung'!$A$6:$D$1048576,MATCH('4. Noteneintrag'!#REF!,Gesamtpunkte[Matr.-Nr.],0),4)),INDEX('2. Punkte_Prüfung'!$A$6:$D$1048576,MATCH('4. Noteneintrag'!#REF!,Gesamtpunkte[Matr.-Nr.],0),4),"") | E207: =IF(ISNUMBER(MATCH(C122,'1. Antritt_Prüfung'!$G$5:$G$233,0)),"Ja","-") -> - | F207: =IF(ISNUMBER(MATCH(#REF!,'2a.Detailpunkte'!$D$4:$D$352,0)),"Ja","-") -> - | G207: =IF(ISNUMBER(MATCH(D207,'1. Antritt_Prüfung'!$H$107:$H$307,0)),"Ja","-") -> - | H207: =IF(ISNUMBER(MATCH(D207,'2a.Detailpunkte'!$D$4:$D$352,0)),"Ja","-") -> -
D208: =IF(ISNUMBER(INDEX('2. Punkte_Prüfung'!$A$6:$D$1048576,MATCH('4. Noteneintrag'!#REF!,Gesamtpunkte[Matr.-Nr.],0),4)),INDEX('2. Punkte_Prüfung'!$A$6:$D$1048576,MATCH('4. Noteneintrag'!#REF!,Gesamtpunkte[Matr.-Nr.],0),4),"") | E208: =IF(ISNUMBER(MATCH(C123,'1. Antritt_Prüfung'!$G$5:$G$233,0)),"Ja","-") -> - | F208: =IF(ISNUMBER(MATCH(#REF!,'2a.Detailpunkte'!$D$4:$D$352,0)),"Ja","-") -> - | G208: =IF(ISNUMBER(MATCH(D208,'1. Antritt_Prüfung'!$H$107:$H$307,0)),"Ja","-") -> - | H208: =IF(ISNUMBER(MATCH(D208,'2a.Detailpunkte'!$D$4:$D$352,0)),"Ja","-") -> -
D209: =IF(ISNUMBER(INDEX('2. Punkte_Prüfung'!$A$6:$D$1048576,MATCH('4. Noteneintrag'!#REF!,Gesamtpunkte[Matr.-Nr.],0),4)),INDEX('2. Punkte_Prüfung'!$A$6:$D$1048576,MATCH('4. Noteneintrag'!#REF!,Gesamtpunkte[Matr.-Nr.],0),4),"") | E209: =IF(ISNUMBER(MATCH(C124,'1. Antritt_Prüfung'!$G$5:$G$233,0)),"Ja","-") -> - | F209: =IF(ISNUMBER(MATCH(#REF!,'2a.Detailpunkte'!$D$4:$D$352,0)),"Ja","-") -> - | G209: =IF(ISNUMBER(MATCH(D209,'1. Antritt_Prüfung'!$H$107:$H$307,0)),"Ja","-") -> - | H209: =IF(ISNUMBER(MATCH(D209,'2a.Detailpunkte'!$D$4:$D$352,0)),"Ja","-") -> -
D210: =IF(ISNUMBER(INDEX('2. Punkte_Prüfung'!$A$6:$D$1048576,MATCH('4. Noteneintrag'!#REF!,Gesamtpunkte[Matr.-Nr.],0),4)),INDEX('2. Punkte_Prüfung'!$A$6:$D$1048576,MATCH('4. Noteneintrag'!#REF!,Gesamtpunkte[Matr.-Nr.],0),4),"") | E210: =IF(ISNUMBER(MATCH(C125,'1. Antritt_Prüfung'!$G$5:$G$233,0)),"Ja","-") -> - | F210: =IF(ISNUMBER(MATCH(#REF!,'2a.Detailpunkte'!$D$4:$D$352,0)),"Ja","-") -> - | G210: =IF(ISNUMBER(MATCH(D210,'1. Antritt_Prüfung'!$H$107:$H$307,0)),"Ja","-") -> - | H210: =IF(ISNUMBER(MATCH(D210,'2a.Detailpunkte'!$D$4:$D$352,0)),"Ja","-") -> -
D211: =IF(ISNUMBER(INDEX('2. Punkte_Prüfung'!$A$6:$D$1048576,MATCH('4. Noteneintrag'!#REF!,Gesamtpunkte[Matr.-Nr.],0),4)),INDEX('2. Punkte_Prüfung'!$A$6:$D$1048576,MATCH('4. Noteneintrag'!#REF!,Gesamtpunkte[Matr.-Nr.],0),4),"") | E211: =IF(ISNUMBER(MATCH(C126,'1. Antritt_Prüfung'!$G$5:$G$233,0)),"Ja","-") -> - | F211: =IF(ISNUMBER(MATCH(#REF!,'2a.Detailpunkte'!$D$4:$D$352,0)),"Ja","-") -> - | G211: =IF(ISNUMBER(MATCH(D211,'1. Antritt_Prüfung'!$H$107:$H$307,0)),"Ja","-") -> - | H211: =IF(ISNUMBER(MATCH(D211,'2a.Detailpunkte'!$D$4:$D$352,0)),"Ja","-") -> -
D212: =IF(ISNUMBER(INDEX('2. Punkte_Prüfung'!$A$6:$D$1048576,MATCH('4. Noteneintrag'!#REF!,Gesamtpunkte[Matr.-Nr.],0),4)),INDEX('2. Punkte_Prüfung'!$A$6:$D$1048576,MATCH('4. Noteneintrag'!#REF!,Gesamtpunkte[Matr.-Nr.],0),4),"") | E212: =IF(ISNUMBER(MATCH(C127,'1. Antritt_Prüfung'!$G$5:$G$233,0)),"Ja","-") -> - | F212: =IF(ISNUMBER(MATCH(#REF!,'2a.Detailpunkte'!$D$4:$D$352,0)),"Ja","-") -> - | G212: =IF(ISNUMBER(MATCH(D212,'1. Antritt_Prüfung'!$H$107:$H$307,0)),"Ja","-") -> - | H212: =IF(ISNUMBER(MATCH(D212,'2a.Detailpunkte'!$D$4:$D$352,0)),"Ja","-") -> -
D213: =IF(ISNUMBER(INDEX('2. Punkte_Prüfung'!$A$6:$D$1048576,MATCH('4. Noteneintrag'!#REF!,Gesamtpunkte[Matr.-Nr.],0),4)),INDEX('2. Punkte_Prüfung'!$A$6:$D$1048576,MATCH('4. Noteneintrag'!#REF!,Gesamtpunkte[Matr.-Nr.],0),4),"") | E213: =IF(ISNUMBER(MATCH(C128,'1. Antritt_Prüfung'!$G$5:$G$233,0)),"Ja","-") -> - | F213: =IF(ISNUMBER(MATCH(#REF!,'2a.Detailpunkte'!$D$4:$D$352,0)),"Ja","-") -> - | G213: =IF(ISNUMBER(MATCH(D213,'1. Antritt_Prüfung'!$H$107:$H$307,0)),"Ja","-") -> - | H213: =IF(ISNUMBER(MATCH(D213,'2a.Detailpunkte'!$D$4:$D$352,0)),"Ja","-") -> -
